id,origin,destination,start_time,kind,origin_real_id,dest_real_id,origin_x,origin_y,dest_x,dest_y,cluster
0,0,0,590,Human,156460680#1,-243836884#5,4178.88,3290.6,3452.5,1409.57,11
1,1,1,566,Human,-165171783#1,37052930,3548.82,1309.9,3560.97,3019.52,6
2,2,2,574,Human,-1339478328#0,-156460683#5,3240.16,2736.36,3501.02,3995.22,6
3,3,3,653,Human,-1119245057#1,-153730010#2,4123.04,3588.62,4571.17,2348.21,11
4,4,3,1243,Human,37050051,-153730010#2,4277.06,2950.92,4571.17,2348.21,11
5,5,4,1037,Human,-153730016#1,-394443151#2,4398.34,2207.95,3249.2,1483.56,7
6,6,5,43,Human,-859784039#0,-1119245060#0,4354.56,3187.94,4071.46,3446.76,8
7,7,6,1700,Human,36936590#6,319058646#1,3624.39,1709.24,3690.37,1172.16,3
8,8,7,1630,Human,1119245067,-36293459#7,4203.72,2952.09,3939.74,3470.65,3
9,9,8,1688,Human,1239117013#2,-165171783#1,3751.5,1890.18,3548.82,1310.1,3
10,10,2,142,Human,918716574#2,-156460683#5,3741.68,2928.73,3501.02,3995.22,6
11,11,9,1149,Human,-156460681#1,-37055563#1,3435.94,3678.04,4394.98,3323.85,9
12,12,2,1545,Human,-36294081#1,-156460683#5,4177.48,3912.82,3501.02,3995.22,3
13,13,10,1617,Human,-36950506#3,187827276,4627.4,2662.56,3101.9,3184.81,4
14,14,11,383,Human,-37052381#2,-35802097#3,4022.08,3450.3,2893.35,2751.33,6
15,15,4,601,Human,-319058611,-394443151#2,4593.63,2654.61,3249.2,1483.56,7
16,6,12,399,Human,-859784039#0,36936373#3,4354.56,3187.94,3899.86,2469.32,6
17,16,13,350,Human,-153730010#1,165172163,4569.09,2341.21,3660.57,1291.97,14
18,17,3,950,Human,165172163,-153730010#2,3693.96,1281.54,4571.17,2348.21,7
19,18,14,1199,Human,-37055563#1,-698026762,4516.98,3642.19,4914.44,2707.08,4
20,15,15,614,Human,-319058611,1239117012#2,4593.63,2654.61,3775.18,1918.55,11
21,19,16,339,Human,-36294081#2,-156460683#0,4177.51,3921.11,3345.56,4371.28,6
22,20,17,112,Human,1119245066#1,-243836890#2,4525.96,2898.81,3355.18,2250.13,2
23,21,18,492,Human,36936396#2,319058644,4104.91,2765.61,4321.64,2344.8,12
24,22,19,1392,Human,319058644,36936396#2,4323.02,2338.06,4116.1,2758.65,4
25,23,20,531,Human,269702544,-37052381#1,3722.7,2378.13,4006.0,3356.52,6
26,24,2,1667,Human,-153730015#3,-156460683#5,4374.92,1827.81,3501.02,3995.22,4
27,15,14,736,Human,-319058611,-698026762,4593.63,2654.61,4914.44,2707.08,10
28,6,14,1792,Human,-859784039#0,-698026762,4354.56,3187.94,4914.44,2707.08,9
29,25,21,1325,Human,-37052381#0,-153730008#2,4003.63,3347.38,4252.09,1972.34,11
30,26,22,1252,Human,319058608#0,36950506#0,4389.91,2616.46,4828.98,2712.21,1
31,27,6,452,Human,-698026762,319058646#1,4914.63,2707.01,3690.37,1172.16,14
32,28,23,220,Human,-156460683#0,1119245060#2,3402.48,4301.31,4141.22,3411.37,14
33,29,24,175,Human,-36934835#0,319058646#0,3634.66,2775.7,3706.78,1230.65,14
34,30,25,1140,Human,-153730939#1,-610135148#1,4190.23,2632.93,4592.1,1524.14,14
35,31,26,308,Human,-319058589#1,39820659#3,4593.5,2996.35,4625.2,2629.65,12
36,32,3,1776,Human,-153730018,-153730010#2,4227.83,1859.78,4571.17,2348.21,9
37,33,27,1161,Human,-319779153,-36293459#8,4084.39,1983.65,3965.27,3464.79,4
38,34,28,1238,Human,-165170818#5,-37052277#3,3515.73,884.56,4030.33,3202.05,4
39,35,2,188,Human,-36293459#6,-156460683#5,3934.97,3472.18,3501.02,3995.22,2
40,36,2,1336,Human,-36294383#6,-156460683#5,4212.88,3721.15,3501.02,3995.22,5
41,37,29,396,Human,-243836884#1,36936327,3369.88,1267.91,3608.17,2609.61,14
42,38,22,1729,Human,39820659#3,36950506#0,4519.49,2510.63,4828.98,2712.21,9
43,38,14,701,Human,39820659#3,-698026762,4519.49,2510.63,4914.44,2707.08,10
44,39,30,694,Human,-35801597#3,165170685#1,3072.22,2602.05,3650.16,1196.12,10
45,40,3,122,Human,-157555050#0,-153730010#2,4393.79,2874.05,4571.17,2348.21,12
46,41,27,1311,Human,36936423#5,-36293459#8,3458.92,3043.53,3965.27,3464.79,4
47,42,31,1066,Human,-36294081#3,610135147#1,4173.95,3956.32,4386.22,1330.98,11
48,43,32,490,Human,-394456356#1,37088258#0,4372.51,3216.85,4284.15,2952.66,12
49,38,33,239,Human,39820659#3,1119245067,4519.49,2510.63,4153.68,2947.95,6
50,44,34,1055,Human,-319058608#1,-1239117016#2,4281.82,2623.94,4705.05,2572.13,1
51,45,35,1117,Human,-37088673#1,-36936288,4662.75,2520.57,3646.98,2676.47,4
52,46,36,846,Human,-36950439#0,-153730020#0,4465.26,2981.3,3966.29,1830.89,11
53,47,37,1746,Human,-153730020#0,-36950439#0,4070.25,1891.39,4300.89,2961.26,4
54,24,38,131,Human,-153730015#3,218916675,4374.92,1827.81,3251.57,2917.13,6
55,48,39,1762,Human,-156460683#6,-153730015#2,3512.34,3725.98,4346.45,2165.09,3
56,9,40,518,Human,1239117013#2,156467000#3,3751.5,1890.18,3001.2,3022.72,6
57,43,41,736,Human,-394456356#1,-157555050#0,4372.51,3216.85,4494.14,2880.53,10
58,40,42,1336,Human,-157555050#0,37050033#0,4393.79,2874.05,4120.11,2933.12,4
59,19,43,136,Human,-36294081#2,-165170994#3,4177.51,3921.11,3431.67,883.41,5
60,49,34,562,Human,-36293752#5,-1239117016#2,3937.76,3614.93,4705.05,2572.13,11
61,50,44,682,Human,-1239117016#2,-36293752#5,4903.66,2701.44,3924.4,3580.73,10
62,51,45,520,Human,-394446873#0,36936373#1,2984.05,1915.28,3897.31,2538.38,1
63,52,46,640,Human,-36933151#0,-394443146,3547.29,2149.14,3541.6,886.41,10
64,53,47,1107,Human,36289159#1,-328471845#0,3945.83,2652.31,4593.32,2654.54,1
65,54,3,786,Human,165170685#0,-153730010#2,3533.55,1093.43,4571.17,2348.21,4
66,55,48,642,Human,-36950439#1,-36950506#2,4493.3,2985.34,4700.18,2679.41,10
67,56,49,757,Human,-319779150#1,319058608#0,3959.72,1968.43,4324.42,2615.53,4
68,57,13,1625,Human,269702561#1,165172163,3998.19,2776.3,3660.57,1291.97,3
69,58,50,133,Human,-153730010#2,-394456402#1,4532.39,2399.14,3335.39,4167.92,8
70,59,51,895,Human,37088258#0,319058643#0,4287.62,2956.09,2556.1,2881.37,7
71,60,52,1150,Human,-394446876#0,36935232,4460.03,2579.16,4007.34,2632.4,4
72,61,53,2,Human,-328471845#0,157555049,4564.89,2648.34,4209.73,2946.46,8
73,29,22,51,Human,-36934835#0,36950506#0,3634.66,2775.7,4828.98,2712.21,1
74,62,54,211,Human,-153732963#0,-710478296,4161.16,2120.46,2455.87,2768.56,6
75,63,52,1410,Human,187827272,36935232,3128.08,3122.69,4007.34,2632.4,1
76,30,55,972,Human,-153730939#1,36936236#1,4190.23,2632.93,3815.36,2730.82,1
77,61,56,1281,Human,-328471845#0,-918716575,4564.89,2648.34,3836.29,2895.17,4
78,46,57,1152,Human,-36950439#0,-650145324#1,4465.26,2981.3,3827.79,2130.02,11
79,64,58,969,Human,-36950506#2,36950518#0,4646.92,2666.76,4316.43,3044.17,7
80,65,59,1538,Human,-165172642#0,-1119245061,3719.07,1475.13,4157.33,3406.51,4
81,66,60,278,Human,-153730008#2,-165172642#0,4268.59,1937.85,3705.59,1526.3,0
82,67,61,101,Human,-36950657#0,48956586#5,4481.08,2780.32,4274.58,2933.49,2
83,68,62,1301,Human,48956586#5,-36950657#0,4283.2,2925.21,4436.23,2625.44,4
84,69,63,588,Human,37088256,-36289599#0,4216.66,2905.68,4268.62,2629.65,12
85,31,18,441,Human,-319058589#1,319058644,4593.5,2996.35,4321.64,2344.8,12
86,70,3,1278,Human,270968317#0,-153730010#2,3950.91,2852.63,4571.17,2348.21,12
87,71,48,551,Human,-37055902#2,-36950506#2,4182.61,3242.53,4700.18,2679.41,11
88,72,64,545,Human,36950506#0,39820659#0,4869.97,2719.55,4314.13,2424.18,12
89,73,2,1520,Human,-1339510609#0,-156460683#5,4495.01,2614.76,3501.02,3995.22,5
90,74,48,1401,Human,269702561#0,-36950506#2,3946.26,2664.14,4700.18,2679.41,5
91,75,65,325,Human,-710476024#1,157553231,4294.97,2463.85,4192.97,2738.59,6
92,76,12,1624,Human,36935232,36936373#3,4052.0,2739.71,3899.86,2469.32,3
93,70,66,1298,Human,270968317#0,-165171782,3950.91,2852.63,3420.67,1164.81,3
94,77,67,331,Human,153730941#1,-394446871#1,4194.45,2634.57,4325.25,2384.1,12
95,72,68,1220,Human,36950506#0,48955996,4869.97,2719.55,4139.45,2887.46,4
96,38,69,804,Human,39820659#3,37050051,4519.49,2510.63,4215.06,2952.07,13
97,78,47,1551,Human,332885734#2,-328471845#0,4589.02,3230.73,4593.32,2654.54,3
98,79,3,1797,Human,-36289599#0,-153730010#2,4242.73,2651.65,4571.17,2348.21,3
99,59,42,1702,Human,37088258#0,37050033#0,4287.62,2956.09,4120.11,2933.12,9
100,77,48,1792,Human,153730941#1,-36950506#2,4194.45,2634.57,4700.18,2679.41,9
101,30,34,761,Human,-153730939#1,-1239117016#2,4190.23,2632.93,4705.05,2572.13,13
102,38,52,492,Human,39820659#3,36935232,4519.49,2510.63,4007.34,2632.4,6
103,80,70,1059,Human,35801597#4,-1339510609#0,3074.53,2616.62,4514.35,2626.35,1
104,81,71,1489,Human,-394446873#2,-35802097#1,3014.98,2057.24,3036.51,2745.83,5
105,40,72,265,Human,-157555050#0,918716574#1,4393.79,2874.05,3751.98,2925.05,6
106,82,58,1454,Human,610135147#1,36950518#0,4435.44,1332.57,4316.43,3044.17,4
107,36,27,940,Human,-36294383#6,-36293459#8,4212.88,3721.15,3965.27,3464.79,7
108,83,48,1153,Human,-859784611,-36950506#2,4824.42,3087.15,4700.18,2679.41,1
109,84,63,450,Human,48955997,-36289599#0,4182.54,2774.98,4268.62,2629.65,11
110,79,73,1350,Human,-36289599#0,48955997,4242.73,2651.65,4145.64,2781.84,4
111,64,37,763,Human,-36950506#2,-36950439#0,4646.92,2666.76,4300.89,2961.26,13
112,23,14,431,Human,269702544,-698026762,3722.7,2378.13,4914.44,2707.08,6
113,85,74,1398,Human,697624157#1,37050033#1,2898.56,3028.21,4141.15,2942.78,1
114,86,5,1751,Human,-156480737#3,-1119245060#0,3964.31,3277.83,4071.46,3446.76,9
115,87,75,817,Human,37050033#1,394446867#0,4133.27,2938.46,3428.07,2623.37,13
116,88,74,1177,Human,394446867#0,37050033#1,3396.33,2603.72,4141.15,2942.78,1
117,89,76,353,Human,36936373#4,36936423#6,3900.31,2459.95,3483.13,3034.23,6
118,90,77,682,Human,-394443151#0,327343097#1,3232.24,1462.16,2908.89,2512.78,10
119,91,78,240,Human,37054132,-37054066,3357.53,3830.86,3769.23,3560.98,14
120,92,79,1081,Human,-697704135,-1119245057#2,3315.24,3908.59,4127.53,3603.44,1
121,93,80,721,Human,39820659#0,269702561#1,4313.94,2424.12,4015.63,2810.18,6
122,94,81,402,Human,-156460683#5,-1057740876,3506.04,3889.74,2946.02,1684.47,2
123,95,82,176,Human,153730020#1,1239117012#1,4083.8,1895.32,3831.36,1955.83,8
124,96,83,8,Human,-319058602#0,-37052277#2,4348.17,3287.25,4040.07,3269.98,8
125,97,84,908,Human,-37052277#2,-319058602#0,4031.66,3211.36,4219.19,3374.78,7
126,43,85,78,Human,-394456356#1,-319779150#2,4372.51,3216.85,3965.38,1960.39,12
127,76,86,255,Human,36935232,-157553230,4052.0,2739.71,4153.93,2457.42,14
128,98,3,855,Human,-157553230,-153730010#2,4144.54,2503.79,4571.17,2348.21,12
129,99,87,354,Human,48955996,-153730015#1,4140.51,2840.61,4343.63,2207.42,12
130,100,4,909,Human,-36950518#1,-394443151#2,4325.56,3088.11,3249.2,1483.56,7
131,101,3,305,Human,-36936288,-153730010#2,3771.39,2749.23,4571.17,2348.21,14
132,3,78,974,Human,-1119245057#1,-37054066,4123.04,3588.62,3769.23,3560.98,7
133,46,88,29,Human,-36950439#0,36936407#1,4465.26,2981.3,3873.6,2882.48,6
134,94,89,268,Human,-156460683#5,-36294383#6,3506.04,3889.74,4275.12,3531.19,14
135,18,27,656,Human,-37055563#1,-36293459#8,4516.98,3642.19,3965.27,3464.79,11
136,102,57,371,Human,-36294383#4,-650145324#1,4283.16,3479.08,3827.79,2130.02,12
137,103,69,1800,Human,-36293752#1,37050051,3898.74,3515.09,4215.06,2952.07,9
138,104,3,1151,Human,-153732963#2,-153730010#2,4056.95,2170.4,4571.17,2348.21,4
139,76,2,1319,Human,36935232,-156460683#5,4052.0,2739.71,3501.02,3995.22,4
140,105,90,871,Human,-394443146,39820659#1,3577.1,969.88,4413.61,2454.28,4
141,86,33,391,Human,-156480737#3,1119245067,3964.31,3277.83,4153.68,2947.95,11
142,8,91,1291,Human,1119245067,-156480737#3,4203.72,2952.09,3933.94,3192.69,4
143,106,2,1117,Human,1119245069,-156460683#5,4169.3,2902.24,3501.02,3995.22,1
144,107,92,1526,Human,-36934835#1,-36294383#8,3579.39,2720.93,4234.09,3863.96,3
145,91,10,1538,Human,37054132,187827276,3357.53,3830.86,3101.9,3184.81,3
146,108,27,1575,Human,-37051625#0,-36293459#8,4014.39,3156.48,3965.27,3464.79,3
147,94,93,1443,Human,-156460683#5,-37088332#3,3506.04,3889.74,4313.44,2757.08,5
148,49,83,1629,Human,-36293752#5,-37052277#2,3937.76,3614.93,4040.07,3269.98,9
149,8,37,694,Human,1119245067,-36950439#0,4203.72,2952.09,4300.89,2961.26,10
150,109,1,756,Human,-156460683#7,37052930,3513.31,3717.1,3560.97,3019.52,2
151,110,65,654,Human,37051872#0,157553231,4035.96,3463.37,4192.97,2738.59,11
152,111,27,1399,Human,37050515#2,-36293459#8,3934.68,2984.74,3965.27,3464.79,5
153,112,94,259,Human,-36293752#6,36935040#2,3947.05,3638.69,3471.1,2990.86,2
154,113,2,272,Human,-1119245070,-156460683#5,3987.71,2888.77,3501.02,3995.22,14
155,78,95,955,Human,332885734#2,319058612#1,4589.02,3230.73,3945.85,2862.2250000000004,7
156,114,96,1060,Human,36936262#1,153730941#1,3742.84,2915.2,4236.06,2654.51,1
157,103,97,460,Human,-36293752#1,36936262#1,3898.74,3515.09,3745.02,2921.63,6
158,42,98,1528,Human,-36294081#3,-36934835#0,4173.95,3956.32,3673.97,2819.83,5
159,115,57,456,Human,-36288941#1,-650145324#1,3920.23,2754.04,3827.79,2130.02,12
160,116,99,79,Human,37050515#1,-36950439#1,3960.81,2978.22,4474.44,2982.54,2
161,117,2,1152,Human,-36293459#0,-156460683#5,3699.05,3580.57,3501.02,3995.22,1
162,97,100,1750,Human,-37052277#2,1119245069,4031.66,3211.36,4146.16,2896.01,9
163,118,101,677,Human,-36294383#9,153730936#3,4556.44,3888.2,3909.75,2386.72,11
164,119,102,1749,Human,-1119245061,36936407#0,4210.82,3379.03,3891.48,2875.87,5
165,120,103,1778,Human,157553231,-156460672,4194.86,2731.56,3441.35,3968.36,9
166,121,104,98,Human,-476687231#1,918716574#0,4029.1,3657.47,3773.79,2917.64,2
167,122,33,1259,Human,-36293459#3,1119245067,3840.27,3511.59,4153.68,2947.95,9
168,123,83,1602,Human,-394456379,-37052277#2,4529.85,2988.53,4040.07,3269.98,3
169,58,2,101,Human,-153730010#2,-156460683#5,4532.39,2399.14,3501.02,3995.22,8
170,124,47,1775,Human,36934854#1,-328471845#0,3772.48,2810.38,4593.32,2654.54,1
171,125,105,904,Human,-153730934,-156480737#2,4070.29,2570.07,3903.65,3084.79,1
172,126,49,1630,Human,-36288941#0,319058608#0,3930.36,2798.02,4324.42,2615.53,3
173,127,106,1015,Human,-710478296,-36293752#1,2365.52,2771.98,3898.63,3514.81,1
174,128,83,698,Human,36936727#4,-37052277#2,4155.16,2279.37,4040.07,3269.98,8
175,77,107,1539,Human,153730941#1,-1109771198#0,4194.45,2634.57,3844.59,2803.21,4
176,23,83,1612,Human,269702544,-37052277#2,3722.7,2378.13,4040.07,3269.98,4
177,12,108,544,Human,-36294081#1,-650145330#0,4177.48,3912.82,3732.31,1948.22,11
178,129,109,965,Human,-36293459#8,-153730939#0,4017.48,3459.62,4099.55,2672.14,11
179,130,110,34,Human,-394446871#1,36936590#6,4411.05,2399.53,3656.16,1766.12,11
180,131,111,1317,Human,-153732960#0,-1024000539#1,4012.59,2075.93,4170.36,3281.61,4
181,132,112,1756,Human,-153730935,-48956015,4145.19,2656.45,4136.19,2898.88,9
182,133,33,928,Human,37050033#0,1119245067,3993.62,2897.49,4153.68,2947.95,7
183,134,78,172,Human,-153730017,-37054066,4215.46,2041.61,3769.23,3560.98,8
184,135,52,193,Human,157555049,36935232,4211.8,2919.22,4007.34,2632.4,14
185,133,65,551,Human,37050033#0,157553231,3993.62,2897.49,4192.97,2738.59,11
186,120,42,1451,Human,157553231,37050033#0,4194.86,2731.56,4120.11,2933.12,4
187,136,100,49,Human,319058612#1,1119245069,3956.375,2874.34,4146.16,2896.01,8
188,137,48,502,Human,1238956370,-36950506#2,3613.94,2990.81,4700.18,2679.41,1
189,138,113,808,Human,-1299820133,36936396#0,3998.16,2974.81,4066.13,2788.05,11
190,30,60,575,Human,-153730939#1,-165172642#0,4190.23,2632.93,3705.59,1526.3,11
191,139,33,1105,Human,36936373#1,1119245067,3897.03,2558.65,4153.68,2947.95,1
192,93,28,1593,Human,39820659#0,-37052277#3,4313.94,2424.12,4030.33,3202.05,4
193,6,0,1652,Human,-859784039#0,-243836884#5,4354.56,3187.94,3452.5,1409.57,3
194,87,83,184,Human,37050033#1,-37052277#2,4133.27,2938.46,4040.07,3269.98,8
195,97,74,1084,Human,-37052277#2,37050033#1,4031.66,3211.36,4141.15,2942.78,1
196,1,114,1501,Human,-165171783#1,406210869#0,3548.82,1309.9,4083.78,2886.23,4
197,140,95,76,Human,36936396#0,319058612#1,4034.9,2805.24,3945.85,2862.2250000000004,8
198,47,115,1638,Human,-153730020#0,-153730016#0,4070.25,1891.39,4462.69,2191.67,3
199,141,47,1603,Human,918716574#1,-328471845#0,3763.13,2921.21,4593.32,2654.54,1
200,142,83,1784,Human,270968317#1,-37052277#2,4023.16,2812.26,4040.07,3269.98,9
201,115,33,350,Human,-36288941#1,1119245067,3920.23,2754.04,4153.68,2947.95,6
202,7,30,378,Human,36936590#6,165170685#1,3624.39,1709.24,3650.16,1196.12,0
203,143,116,1578,Human,-153730011,36936396#3,4283.63,2122.53,4132.03,2750.69,4
204,144,117,1242,Human,878854448,36933307#2,4188.16,2728.58,3742.75,2526.52,4
205,23,63,697,Human,269702544,-36289599#0,3722.7,2378.13,4268.62,2629.65,6
206,145,95,367,Human,270968324,319058612#1,3983.9,2439.01,3945.85,2862.2250000000004,6
207,29,96,1204,Human,-36934835#0,153730941#1,3634.66,2775.7,4236.06,2654.51,1
208,146,118,1608,Human,-165172307#0,-36294383#5,3837.47,1456.67,4281.55,3486.0,4
209,147,119,1473,Human,319058602#1,1239117012#5,4356.15,3275.19,3665.9,1794.7,3
210,148,120,184,Human,-394456385#0,-36950506#1,3615.21,2304.51,4820.49,2706.93,6
211,149,31,1726,Human,-339700984,610135147#1,3213.47,2576.37,4386.22,1330.98,9
212,94,31,100,Human,-156460683#5,610135147#1,3506.04,3889.74,4386.22,1330.98,14
213,150,95,287,Human,36936749#4,319058612#1,4278.74,2067.0,3945.85,2862.2250000000004,8
214,151,48,1453,Human,-35801699#1,-36950506#2,3094.16,2735.95,4700.18,2679.41,1
215,98,45,424,Human,-157553230,36936373#1,4144.54,2503.79,3897.31,2538.38,6
216,98,4,789,Human,-157553230,-394443151#2,4144.54,2503.79,3249.2,1483.56,7
217,125,121,914,Human,-153730934,-36288941#0,4070.29,2570.07,3944.06,2849.73,1
218,152,57,1792,Human,36935235#3,-650145324#1,4102.43,2546.32,3827.79,2130.02,3
219,100,122,8,Human,-36950518#1,36936590#5,4325.56,3088.11,3619.86,1700.55,11
220,153,77,904,Human,156467000#3,327343097#1,3060.11,3034.91,2908.89,2512.78,7
221,64,123,214,Human,-36950506#2,-36933126#1,4646.92,2666.76,3698.61,2168.79,14
222,46,119,307,Human,-36950439#0,1239117012#5,4465.26,2981.3,3665.9,1794.7,11
223,154,124,766,Human,-159922662#1,-153732963#2,3756.22,3333.66,4085.66,2148.34,11
224,155,125,1537,Human,1239117012#2,-36933151#0,3823.5,1950.69,3484.69,2216.71,4
225,6,36,1026,Human,-859784039#0,-153730020#0,4354.56,3187.94,3966.29,1830.89,11
226,55,126,489,Human,-36950439#1,-610220874#1,4493.3,2985.34,3471.58,2031.06,6
227,156,127,262,Human,36284386#0,-1339510610,3548.57,2494.72,4397.92,2616.99,14
228,157,128,789,Human,-650145324#0,-36289599#1,3815.6,2130.46,4238.33,2657.81,4
229,143,63,1435,Human,-153730011,-36289599#0,4283.63,2122.53,4268.62,2629.65,4
230,158,129,518,Human,-36288941#2,-319779150#1,3902.8,2683.13,3947.23,1986.25,11
231,23,95,333,Human,269702544,319058612#1,3722.7,2378.13,3945.85,2862.2250000000004,6
232,84,126,473,Human,48955997,-610220874#1,4182.54,2774.98,3471.58,2031.06,12
233,159,126,1477,Human,36950518#0,-610220874#1,4296.23,2966.61,3471.58,2031.06,5
234,160,130,104,Human,-156460672,698024155#0,3371.14,3929.08,4190.9,1319.06,14
235,161,131,810,Human,-37640679#2,-153730022#0,2684.34,2654.11,4619.76,2107.77,1
236,162,31,319,Human,-37053056#5,610135147#1,3434.77,3215.92,4386.22,1330.98,14
237,26,125,1789,Human,319058608#0,-36933151#0,4389.91,2616.46,3484.69,2216.71,3
238,26,132,491,Human,319058608#0,-698024153,4389.91,2616.46,3661.06,1265.1,12
239,23,57,1675,Human,269702544,-650145324#1,3722.7,2378.13,3827.79,2130.02,3
240,39,47,387,Human,-35801597#3,-328471845#0,3072.22,2602.05,4593.32,2654.54,1
241,65,41,1057,Human,-165172642#0,-157555050#0,3719.07,1475.13,4494.14,2880.53,4
242,163,133,1379,Human,36934860#3,-394443147#0,3845.59,2709.67,3474.4,758.28,1
243,164,127,1242,Human,-319058604#0,-1339510610,3386.34,2726.79,4397.92,2616.99,1
244,165,134,21,Human,36936327,269702544,3837.8,2708.41,3899.67,2386.95,2
245,166,135,110,Human,36936727#1,36288851#0,4291.14,2331.14,3518.05,2505.32,8
246,167,12,1351,Human,36935235#0,36936373#3,4067.04,2602.88,3899.86,2469.32,5
247,168,57,1517,Human,-153730938,-650145324#1,3978.73,2500.47,3827.79,2130.02,3
248,169,136,1137,Human,-394456385#1,-269702560,3537.42,2334.41,3941.58,2657.94,1
249,170,137,1797,Human,-269702560,-394456385#1,3943.58,2662.14,3607.64,2310.09,9
250,76,57,1255,Human,36935232,-650145324#1,4052.0,2739.71,3827.79,2130.02,3
251,171,138,503,Human,36934835#2,302162780#1,3572.43,2719.04,3589.37,1868.36,2
252,38,139,571,Human,39820659#3,-35801597#3,4519.49,2510.63,3072.88,2591.9,6
253,131,12,1788,Human,-153732960#0,36936373#3,4012.59,2075.93,3899.86,2469.32,9
254,172,40,259,Human,36936655#6,156467000#3,4157.17,2273.33,3001.2,3022.72,6
255,93,57,1673,Human,39820659#0,-650145324#1,4313.94,2424.12,3827.79,2130.02,3
256,42,122,159,Human,-36294081#3,36936590#5,4173.95,3956.32,3619.86,1700.55,11
257,173,140,385,Human,650145330#2,-37088673#0,3745.38,1953.6,4327.69,2357.22,12
258,123,141,269,Human,-394456379,36936423#2,4529.85,2988.53,3399.42,3066.79,6
259,114,142,1009,Human,36936262#1,37051113#1,3742.84,2915.2,3735.24,3079.46,1
260,174,55,1473,Human,-36293459#7,36936236#1,3956.04,3466.57,3815.36,2730.82,5
261,8,143,101,Human,1119245067,36936423#4,4203.72,2952.09,3450.17,3047.08,2
262,89,54,960,Human,36936373#4,-710478296,3900.31,2459.95,2455.87,2768.56,7
263,22,138,1308,Human,319058644,302162780#1,4323.02,2338.06,3589.37,1868.36,4
264,175,47,1316,Human,36785117#1,-328471845#0,3194.0,3043.54,4593.32,2654.54,1
265,134,57,1143,Human,-153730017,-650145324#1,4215.46,2041.61,3827.79,2130.02,1
266,176,4,490,Human,394456356#0,-394443151#2,4538.33,2995.24,3249.2,1483.56,6
267,134,144,1195,Human,-153730017,-156460681#1,4215.46,2041.61,3354.75,3818.0,4
268,3,145,1417,Human,-1119245057#1,319058640,4123.04,3588.62,3418.02,2278.52,5
269,46,10,1646,Human,-36950439#0,187827276,4465.26,2981.3,3101.9,3184.81,3
270,6,10,864,Human,-859784039#0,187827276,4354.56,3187.94,3101.9,3184.81,6
271,177,146,994,Human,153730013#0,-36933126#0,4247.18,2043.84,3673.05,2088.46,4
272,178,57,1761,Human,36936655#4,-650145324#1,4021.64,2178.39,3827.79,2130.02,3
273,134,147,1074,Human,-153730017,-36933307#1,4215.46,2041.61,3678.83,2456.48,4
274,174,148,1396,Human,-36293459#7,1239117013#2,3956.04,3466.57,3908.6,2004.19,11
275,124,31,244,Human,36934854#1,610135147#1,3772.48,2810.38,4386.22,1330.98,14
276,179,88,1205,Human,1057740871#0,36936407#1,3835.35,2768.55,3873.6,2882.48,4
277,180,14,112,Human,-697627694#1,-698026762,2686.89,2958.5,4914.44,2707.08,14
278,169,149,72,Human,-394456385#1,-156460683#8,3537.42,2334.41,3515.31,3709.15,2
279,82,143,126,Human,610135147#1,36936423#4,4435.44,1332.57,3450.17,3047.08,8
280,181,150,469,Human,-153730937,36936590#1,4061.01,2472.95,3580.73,1628.15,11
281,182,31,293,Human,36936423#3,610135147#1,3405.97,3064.26,4386.22,1330.98,14
282,101,116,214,Human,-36936288,36936396#3,3771.39,2749.23,4132.03,2750.69,14
283,183,83,340,Human,-394443152#1,-37052277#2,3641.17,1072.86,4040.07,3269.98,8
284,184,151,732,Human,-698024153,394456380,3650.26,1196.71,3798.0,3026.19,4
285,185,152,289,Human,39820659#2,156467000#0,4422.63,2456.98,3112.51,3053.48,6
286,54,153,571,Human,165170685#0,36934860#2,3533.55,1093.43,3836.32,2716.15,4
287,186,5,447,Human,-165170818#3,-1119245060#0,3490.43,816.38,4071.46,3446.76,8
288,187,147,1241,Human,-1119245071,-36933307#1,3988.6,2903.4,3678.83,2456.48,4
289,188,154,225,Human,-394443147#0,36936655#4,3536.6,873.76,4074.15,2240.28,0
290,189,2,1792,Human,-187827289,-156460683#5,2782.44,2996.94,3501.02,3995.22,9
291,58,155,832,Human,-153730010#2,-394446869,4532.39,2399.14,2994.76,1921.63,7
292,190,31,106,Human,-319058604#1,610135147#1,3375.9,2729.18,4386.22,1330.98,14
293,169,83,710,Human,-394456385#1,-37052277#2,3537.42,2334.41,4040.07,3269.98,10
294,23,82,819,Human,269702544,1239117012#1,3722.7,2378.13,3831.36,1955.83,11
295,191,126,1430,Human,36935235#2,-610220874#1,4083.54,2563.16,3471.58,2031.06,7
296,164,96,1311,Human,-319058604#0,153730941#1,3386.34,2726.79,4236.06,2654.51,1
297,138,147,39,Human,-1299820133,-36933307#1,3998.16,2974.81,3678.83,2456.48,2
298,52,156,893,Human,-36933151#0,36936655#3,3547.29,2149.14,4015.85,2171.46,7
299,192,134,1345,Human,-650145330#0,269702544,3731.83,1949.7,3899.67,2386.95,4
300,138,94,17,Human,-1299820133,36935040#2,3998.16,2974.81,3471.1,2990.86,2
301,193,83,1250,Human,-156460691,-37052277#2,3293.89,4209.57,4040.07,3269.98,5
302,194,157,700,Human,1339510612#2,36936423#5,3880.5,2688.7200000000003,3476.07,3036.77,6
303,195,158,1593,Human,39820664#7,-156480737#1,3436.635,2227.915,3871.5,3010.13,3
304,196,159,1312,Human,-37051625#2,-187827280#0,4167.94,3089.22,2992.89,3076.12,4
305,197,16,87,Human,156467000#0,-156460683#0,3134.28,3084.03,3345.56,4371.28,2
306,198,1,816,Human,698018294#1,37052930,3593.96,3001.35,3560.97,3019.52,13
307,117,160,501,Human,-36293459#0,-243836890#0,3699.05,3580.57,3315.57,2139.34,2
308,109,27,529,Human,-156460683#7,-36293459#8,3513.31,3717.1,3965.27,3464.79,11
309,199,71,1282,Human,-36294383#3,-35802097#1,4338.62,3387.81,3036.51,2745.83,4
310,116,135,249,Human,37050515#1,36288851#0,3960.81,2978.22,3518.05,2505.32,2
311,188,58,922,Human,-394443147#0,36950518#0,3536.6,873.76,4316.43,3044.17,4
312,200,40,1079,Human,-37055902#1,156467000#3,4178.73,3177.43,3001.2,3022.72,1
313,201,161,577,Human,37051441#2,-243836884#1,4216.24,3070.12,3284.93,1186.31,11
314,202,144,226,Human,-165172642#1,-156460681#1,3727.99,1408.3,3354.75,3818.0,8
315,26,54,428,Human,319058608#0,-710478296,4389.91,2616.46,2455.87,2768.56,6
316,203,57,1652,Human,-218916903,-650145324#1,3669.8,2831.64,3827.79,2130.02,3
317,117,132,1390,Human,-36293459#0,-698024153,3699.05,3580.57,3661.06,1265.1,10
318,204,135,1687,Human,187827276,36288851#0,3139.32,3136.04,3518.05,2505.32,3
319,205,162,1755,Human,-270968323#1,-319058604#1,4060.48,2414.95,3376.1,2729.17,9
320,206,144,1521,Human,-319058629,-156460681#1,3728.58,1209.42,3354.75,3818.0,4
321,204,163,334,Human,187827276,37640679#0,3139.32,3136.04,2859.06,2737.63,0
322,207,164,21,Human,-734943619,-35802097#2,2595.37,2583.3,2994.47,2746.99,2
323,85,165,688,Human,697624157#1,-394446875,2898.56,3028.21,4074.36,2085.22,14
324,208,166,1323,Human,153730936#3,36785117#0,3973.95,2391.87,3182.75,3052.41,5
325,209,29,167,Human,-36288851#1,36936327,3540.82,2493.34,3608.17,2609.61,14
326,165,167,1367,Human,36936327,-36288851#1,3837.8,2708.41,3524.99,2504.46,5
327,210,148,1347,Human,37051113#1,1239117013#2,3736.31,3038.33,3908.6,2004.19,3
328,211,168,706,Human,-153730013#2,36935040#3,4178.51,2055.18,3414.98,2975.74,6
329,212,52,248,Human,36936480#1,36935232,3492.56,1506.08,4007.34,2632.4,8
330,22,161,1546,Human,319058644,-243836884#1,4323.02,2338.06,3284.93,1186.31,3
331,213,169,1034,Human,-157574537#0,1239117037#0,4156.5,2448.38,3399.54,1997.14,14
332,158,126,278,Human,-36288941#2,-610220874#1,3902.8,2683.13,3471.58,2031.06,6
333,214,29,646,Human,-36933126#1,36936327,3754.22,2246.56,3608.17,2609.61,10
334,96,4,1036,Human,-319058602#0,-394443151#2,4348.17,3287.25,3249.2,1483.56,5
335,215,170,242,Human,-165171782,-1119245057#3,3357.39,1099.79,4137.49,3738.54,8
336,216,171,1290,Human,36936749#2,-698018295#3,4331.31,2214.76,3085.31,2744.07,4
337,121,172,1382,Human,-476687231#1,-165170994#4,4029.1,3657.47,3436.9,925.36,5
338,217,173,740,Human,165170685#1,319779133#0,3633.26,1132.63,4376.96,1325.57,13
339,218,30,1340,Human,319779133#0,165170685#1,4321.23,1323.77,3650.16,1196.12,4
340,219,5,116,Human,-165170681#0,-1119245060#0,3428.09,1075.67,4071.46,3446.76,8
341,210,110,1753,Human,37051113#1,36936590#6,3736.31,3038.33,3656.16,1766.12,3
342,220,174,846,Human,-215094374,-165172165#1,3200.41,2747.1,3724.71,1283.93,1
343,221,30,577,Human,36935040#2,165170685#1,3556.56,2974.69,3650.16,1196.12,10
344,222,132,522,Human,-153730022#1,-698024153,4487.29,2226.95,3661.06,1265.1,13
345,184,175,1782,Human,-698024153,-327343096,3650.26,1196.71,2893.12,2503.18,9
346,223,57,144,Human,36288851#0,-650145324#1,3394.52,2593.98,3827.79,2130.02,6
347,24,40,588,Human,-153730015#3,156467000#3,4374.92,1827.81,3001.2,3022.72,6
348,224,176,272,Human,-36294081#0,-165170994#1,4176.87,3872.04,3380.15,816.0,5
349,225,177,1028,Human,-35802071#0,37056055#1,3317.8,2557.32,3636.8,3146.22,1
350,226,178,1742,Human,-37052381#1,-165171783#2,4019.07,3423.4,3551.37,1305.58,5
351,227,179,883,Human,319058646#0,-37053056#5,3716.77,1273.42,3335.39,3249.61,4
352,228,180,1215,Human,39820659#1,-36936749#1,4317.5,2425.33,4331.92,2292.16,12
353,156,125,1090,Human,36284386#0,-36933151#0,3548.57,2494.72,3484.69,2216.71,1
354,229,108,409,Human,-35802071#1,-650145330#0,3366.81,2588.4,3732.31,1948.22,14
355,230,60,1570,Human,1238956371,-165172642#0,3409.78,2978.0,3705.59,1526.3,3
356,148,125,1758,Human,-394456385#0,-36933151#0,3615.21,2304.51,3484.69,2216.71,9
357,24,181,297,Human,-153730015#3,-153730017,4374.92,1827.81,4206.22,1995.43,14
358,104,182,677,Human,-153732963#2,-153730022#1,4056.95,2170.4,4524.08,2233.0,10
359,24,132,767,Human,-153730015#3,-698024153,4374.92,1827.81,3661.06,1265.1,13
360,231,3,1197,Human,-37088673#0,-153730010#2,4522.39,2404.7,4571.17,2348.21,4
361,232,183,1523,Human,-36936749#1,-319058611,4338.8,2229.15,4616.42,2660.09,4
362,233,31,417,Human,36289394#2,610135147#1,4171.53,2512.88,4386.22,1330.98,14
363,58,49,356,Human,-153730010#2,319058608#0,4532.39,2399.14,4324.42,2615.53,12
364,79,31,1733,Human,-36289599#0,610135147#1,4242.73,2651.65,4386.22,1330.98,3
365,185,47,1358,Human,39820659#2,-328471845#0,4422.63,2456.98,4593.32,2654.54,5
366,143,47,35,Human,-153730011,-328471845#0,4283.63,2122.53,4593.32,2654.54,8
367,22,184,876,Human,319058644,-1239117016#0,4323.02,2338.06,4668.86,2527.68,7
368,58,181,118,Human,-153730010#2,-153730017,4532.39,2399.14,4206.22,1995.43,8
369,216,47,374,Human,36936749#2,-328471845#0,4331.31,2214.76,4593.32,2654.54,8
370,234,185,231,Human,-165172165#1,-35802071#2,3867.53,1404.44,3374.95,2593.39,0
371,235,186,1556,Human,610135147#0,-202422660#0,4515.29,1332.11,4133.99,2029.32,4
372,34,14,50,Human,-165170818#5,-698026762,3515.73,884.56,4914.44,2707.08,8
373,236,31,1360,Human,39820661#0,610135147#1,3684.69,2827.24,4386.22,1330.98,14
374,237,31,314,Human,36936373#0,610135147#1,3900.97,2669.94,4386.22,1330.98,14
375,47,181,1136,Human,-153730020#0,-153730017,4070.25,1891.39,4206.22,1995.43,1
376,143,187,1567,Human,-153730011,698024155#1,4283.63,2122.53,4244.18,1321.09,3
377,186,132,818,Human,-165170818#3,-698024153,3490.43,816.38,3661.06,1265.1,13
378,91,10,1232,Human,37054132,187827276,3357.53,3830.86,3101.9,3184.81,4
379,217,188,1434,Human,165170685#1,-509025806#0,3633.26,1132.63,3131.91,1224.29,5
380,238,14,690,Human,394443152#0,-698026762,3529.66,987.24,4914.44,2707.08,4
381,150,189,1347,Human,36936749#4,319058592#0,4278.74,2067.0,4253.46,1327.11,5
382,235,161,109,Human,610135147#0,-243836884#1,4515.29,1332.11,3284.93,1186.31,0
383,166,187,150,Human,36936727#1,698024155#1,4291.14,2331.14,4244.18,1321.09,14
384,184,0,787,Human,-698024153,-243836884#5,3650.26,1196.71,3452.5,1409.57,0
385,239,132,1687,Human,-243836884#5,-698024153,3478.25,1454.75,3661.06,1265.1,3
386,240,71,1248,Human,-165170681#1,-35802097#1,3412.55,1078.47,3036.51,2745.83,4
387,1,132,6,Human,-165171783#1,-698024153,3548.82,1309.9,3661.06,1265.1,8
388,227,0,810,Human,319058646#0,-243836884#5,3716.77,1273.42,3452.5,1409.57,0
389,241,190,1171,Human,-394443151#2,-165172165#0,3302.71,1554.92,3701.27,1280.42,10
390,184,155,1311,Human,-698024153,-394446869,3650.26,1196.71,2994.76,1921.63,4
391,219,46,1052,Human,-165170681#0,-394443146,3428.09,1075.67,3541.6,886.41,1
392,188,132,1268,Human,-394443147#0,-698024153,3536.6,873.76,3661.06,1265.1,13
393,239,8,241,Human,-243836884#5,-165171783#1,3478.25,1454.75,3548.82,1310.1,0
394,184,161,373,Human,-698024153,-243836884#1,3650.26,1196.71,3284.93,1186.31,0
395,242,0,317,Human,-165172165#0,-243836884#5,3710.49,1281.62,3452.5,1409.57,0
396,234,178,1077,Human,-165172165#1,-165171783#2,3867.53,1404.44,3551.37,1305.58,1
397,105,60,1252,Human,-394443146,-165172642#0,3577.1,969.88,3705.59,1526.3,13
398,239,174,592,Human,-243836884#5,-165172165#1,3478.25,1454.75,3724.71,1283.93,11
399,234,132,1492,Human,-165172165#1,-698024153,3867.53,1404.44,3661.06,1265.1,4
400,227,138,1438,Human,319058646#0,302162780#1,3716.77,1273.42,3589.37,1868.36,5
401,1,60,521,Human,-165171783#1,-165172642#0,3548.82,1309.9,3705.59,1526.3,11
402,202,0,983,Human,-165172642#1,-243836884#5,3727.99,1408.3,3452.5,1409.57,0
403,243,60,323,Human,-165171446,-165172642#0,3361.38,1031.7,3705.59,1526.3,0
404,240,60,802,Human,-165170681#1,-165172642#0,3412.55,1078.47,3705.59,1526.3,13
405,1,161,1024,Human,-165171783#1,-243836884#1,3548.82,1309.9,3284.93,1186.31,0
406,244,191,401,Human,36936407#2,-319058613#0,3863.19,2886.47,3383.28,1083.82,10
407,243,0,1389,Human,-165171446,-243836884#5,3361.38,1031.7,3452.5,1409.57,5
408,245,54,273,Human,319058646#1,-710478296,3702.91,1216.22,2455.87,2768.56,0
409,65,30,374,Human,-165172642#0,165170685#1,3719.07,1475.13,3650.16,1196.12,6
410,9,8,1151,Human,1239117013#2,-165171783#1,3751.5,1890.18,3548.82,1310.1,3
411,1,3,1504,Human,-165171783#1,-153730010#2,3548.82,1309.9,4571.17,2348.21,5
412,219,85,381,Human,-165170681#0,-319779150#2,3428.09,1075.67,3965.38,1960.39,0
413,246,66,387,Human,-165170994#4,-165171782,3399.17,1022.02,3420.67,1164.81,6
414,247,192,827,Human,319058643#0,165170685#0,2566.66,2860.94,3622.12,1123.57,10
415,186,178,1261,Human,-165170818#3,-165171783#2,3490.43,816.38,3551.37,1305.58,4
416,248,193,1545,Human,-509025806#0,-394443147#1,3150.82,1201.88,3530.41,886.57,5
417,249,150,1398,Human,-165170818#1,36936590#1,3422.49,780.17,3580.73,1628.15,5
418,186,66,509,Human,-165170818#3,-165171782,3490.43,816.38,3420.67,1164.81,12
419,188,194,764,Human,-394443147#0,-1238426236,3536.6,873.76,3525.67,1090.34,13
420,186,66,664,Human,-165170818#3,-165171782,3490.43,816.38,3420.67,1164.81,10
421,248,193,1697,Human,-509025806#0,-394443147#1,3150.82,1201.88,3530.41,886.57,5
422,250,195,736,Human,-327343082,-159922662#1,2908.61,2522.56,3726.19,3340.22,1
423,186,97,115,Human,-165170818#3,36936262#1,3490.43,816.38,3745.02,2921.63,8
424,82,196,1296,Human,610135147#1,-327343082,4435.44,1332.57,3066.0,2607.52,4
425,184,126,1771,Human,-698024153,-610220874#1,3650.26,1196.71,3471.58,2031.06,9
426,132,31,719,Human,-153730935,610135147#1,4145.19,2656.45,4386.22,1330.98,14
427,47,64,1399,Human,-153730020#0,39820659#0,4070.25,1891.39,4314.13,2424.18,4
428,251,172,490,Human,-1119245693,-165170994#4,4139.15,2785.65,3436.9,925.36,11
429,242,197,1059,Human,-165172165#0,-1119245693,3710.49,1281.62,4138.96,2785.71,4
430,98,4,940,Human,-157553230,-394443151#2,4144.54,2503.79,3249.2,1483.56,7
431,252,172,211,Human,406210869#0,-165170994#4,4133.2,2891.01,3436.9,925.36,5
432,253,198,67,Human,36289159#2,-243836884#4,4010.65,2625.33,3429.4,1367.5,11
433,245,1,1706,Human,319058646#1,37052930,3702.91,1216.22,3560.97,3019.52,4
434,237,0,358,Human,36936373#0,-243836884#5,3900.97,2669.94,3452.5,1409.57,11
435,254,95,1289,Human,165170817,319058612#1,3526.59,1068.19,3945.85,2862.2250000000004,4
436,255,199,1382,Human,-650145324#1,36936749#4,3938.37,2104.61,4272.83,1938.03,5
437,214,110,94,Human,-36933126#1,36936590#6,3754.22,2246.56,3656.16,1766.12,11
438,211,108,1032,Human,-153730013#2,-650145330#0,4178.51,2055.18,3732.31,1948.22,1
439,26,198,1644,Human,319058608#0,-243836884#4,4389.91,2616.46,3429.4,1367.5,3
440,256,60,454,Human,-319779154,-165172642#0,4222.62,1945.21,3705.59,1526.3,0
441,89,200,1425,Human,36936373#4,-201772616#1,3900.31,2459.95,3966.16,1152.56,5
442,159,172,795,Human,36950518#0,-165170994#4,4296.23,2966.61,3436.9,925.36,5
443,159,201,383,Human,36950518#0,-165170815#0,4296.23,2966.61,3353.94,783.88,5
444,79,202,246,Human,-36289599#0,-319058629,4242.73,2651.65,3714.68,1220.19,12
445,257,172,350,Human,159922990,-165170994#4,4141.75,2789.83,3436.9,925.36,5
446,52,203,1764,Human,-36933151#0,-165172307#0,3547.29,2149.14,3824.75,1475.23,3
447,206,36,1116,Human,-319058629,-153730020#0,3728.58,1209.42,3966.29,1830.89,4
448,217,47,476,Human,165170685#1,-328471845#0,3633.26,1132.63,4593.32,2654.54,8
449,74,200,821,Human,269702561#0,-201772616#1,3946.26,2664.14,3966.16,1152.56,11
450,33,60,186,Human,-319779153,-165172642#0,4084.39,1983.65,3705.59,1526.3,11
451,240,18,1050,Human,-165170681#1,319058644,3412.55,1078.47,4321.64,2344.8,4
452,32,108,1602,Human,-153730018,-650145330#0,4227.83,1859.78,3732.31,1948.22,3
453,258,125,681,Human,-1239117045,-36933151#0,4010.81,1632.45,3484.69,2216.71,4
454,227,108,646,Human,319058646#0,-650145330#0,3716.77,1273.42,3732.31,1948.22,0
455,259,132,794,Human,-394443147#1,-698024153,3525.05,889.12,3661.06,1265.1,13
456,184,193,1694,Human,-698024153,-394443147#1,3650.26,1196.71,3530.41,886.57,3
457,260,172,370,Human,-36289599#1,-165170994#4,4194.85,2721.91,3436.9,925.36,11
458,188,57,251,Human,-394443147#0,-650145324#1,3536.6,873.76,3827.79,2130.02,0
459,261,110,659,Human,-165172642#2,36936590#6,3647.82,1321.88,3656.16,1766.12,0
460,7,204,1559,Human,36936590#6,-165172642#2,3624.39,1709.24,3723.99,1399.8,3
461,105,148,89,Human,-394443146,1239117013#2,3577.1,969.88,3908.6,2004.19,0
462,184,130,37,Human,-698024153,698024155#0,3650.26,1196.71,4190.9,1319.06,8
463,54,57,77,Human,165170685#0,-650145324#1,3533.55,1093.43,3827.79,2130.02,0
464,54,205,118,Human,165170685#0,187827287,3533.55,1093.43,3298.93,3017.14,8
465,184,206,748,Human,-698024153,-394443152#1,3650.26,1196.71,3588.71,1049.29,13
466,54,66,87,Human,165170685#0,-165171782,3533.55,1093.43,3420.67,1164.81,8
467,241,207,671,Human,-394443151#2,-165170818#8,3302.71,1554.92,3521.21,996.37,10
468,234,6,928,Human,-165172165#1,319058646#1,3867.53,1404.44,3690.37,1172.16,7
469,105,132,1292,Human,-394443146,-698024153,3577.1,969.88,3661.06,1265.1,13
470,245,161,1427,Human,319058646#1,-243836884#1,3702.91,1216.22,3284.93,1186.31,0
471,217,125,139,Human,165170685#1,-36933151#0,3633.26,1132.63,3484.69,2216.71,8
472,23,176,1788,Human,269702544,-165170994#1,3722.7,2378.13,3380.15,816.0,5
473,254,132,1089,Human,165170817,-698024153,3526.59,1068.19,3661.06,1265.1,13
474,117,141,397,Human,-36293459#0,36936423#2,3699.05,3580.57,3399.42,3066.79,2
475,12,16,1006,Human,-36294081#1,-156460683#0,4177.48,3912.82,3345.56,4371.28,1
476,262,208,1485,Human,-156460683#1,-36293459#0,3458.43,4240.79,3541.21,3616.11,5
477,117,71,1152,Human,-36293459#0,-35802097#1,3699.05,3580.57,3036.51,2745.83,1
478,39,209,223,Human,-35801597#3,37054132,3072.22,2602.05,3497.61,3880.48,6
479,263,139,17,Human,-156460683#8,-35801597#3,3537.4,3623.57,3072.88,2591.9,2
480,264,40,1021,Human,-36293752#3,156467000#3,3912.18,3549.48,3001.2,3022.72,1
481,204,210,1249,Human,187827276,-187827282#1,3139.32,3136.04,2971.37,3257.97,4
482,265,152,795,Human,394456402#0,156467000#0,3304.56,4206.65,3112.51,3053.48,13
483,266,10,1425,Human,-698018295#3,187827276,3071.57,2744.78,3101.9,3184.81,5
484,267,2,1777,Human,319058593,-156460683#5,3216.4,4132.25,3501.02,3995.22,9
485,268,78,489,Human,319058598,-37054066,3175.9,3094.68,3769.23,3560.98,12
486,28,147,34,Human,-156460683#0,-36933307#1,3402.48,4301.31,3678.83,2456.48,2
487,193,211,1341,Human,-156460691,-36293459#1,3293.89,4209.57,3706.05,3580.32,5
488,269,2,1729,Human,36936423#6,-156460683#5,3482.94,3034.29,3501.02,3995.22,9
489,193,71,508,Human,-156460691,-35802097#1,3293.89,4209.57,3036.51,2745.83,12
490,262,71,1301,Human,-156460683#1,-35802097#1,3458.43,4240.79,3036.51,2745.83,4
491,270,71,1761,Human,-319058625,-35802097#1,3363.06,3935.0,3036.51,2745.83,9
492,193,2,1226,Human,-156460691,-156460683#5,3293.89,4209.57,3501.02,3995.22,4
493,193,144,1625,Human,-156460691,-156460681#1,3293.89,4209.57,3354.75,3818.0,3
494,271,2,1614,Human,-156460677,-156460683#5,3358.75,3960.31,3501.02,3995.22,3
495,271,2,912,Human,-156460677,-156460683#5,3358.75,3960.31,3501.02,3995.22,7
496,193,104,185,Human,-156460691,918716574#0,3293.89,4209.57,3773.79,2917.64,6
497,272,71,563,Human,-187827283#2,-35802097#1,2837.21,3266.1,3036.51,2745.83,11
498,245,212,613,Human,319058646#1,187827279,3702.91,1216.22,3100.36,3111.74,11
499,273,213,56,Human,-187827282#1,36934835#2,2919.51,3318.59,3545.52,2701.75,2
500,274,78,515,Human,-1238426234#0,-37054066,3043.55,2187.95,3769.23,3560.98,6
501,275,1,1146,Human,551044539,37052930,3004.5,2829.5,3560.97,3019.52,1
502,197,175,1178,Human,156467000#0,-327343096,3134.28,3084.03,2893.12,2503.18,4
503,276,27,821,Human,327343097#1,-36293459#8,2901.14,2504.57,3965.27,3464.79,1
504,277,214,1001,Human,-339701637,319058612#0,2971.65,2420.08,3965.09,2877.17,1
505,263,215,112,Human,-156460683#8,-394446873#2,3537.4,3623.57,2997.85,1977.61,2
506,278,216,370,Human,-156480737#1,-394446873#0,3897.12,3071.42,2925.0,1769.57,2
507,279,71,1499,Human,-187827282#0,-35802097#1,2977.83,3250.1,3036.51,2745.83,5
508,23,4,1455,Human,269702544,-394443151#2,3722.7,2378.13,3249.2,1483.56,7
509,280,172,132,Human,37053056#2,-165170994#4,3130.75,3410.06,3436.9,925.36,10
510,281,66,263,Human,698018293,-165171782,3656.14,2967.63,3420.67,1164.81,10
511,80,152,284,Human,35801597#4,156467000#0,3074.53,2616.62,3112.51,3053.48,0
512,282,152,1042,Human,-35802097#1,156467000#0,3008.14,2746.51,3112.51,3053.48,1
513,283,10,755,Human,-327343096,187827276,2801.84,2516.78,3101.9,3184.81,13
514,39,40,1686,Human,-35801597#3,156467000#3,3072.22,2602.05,3001.2,3022.72,3
515,186,177,503,Human,-165170818#3,37056055#1,3490.43,816.38,3636.8,3146.22,6
516,151,139,624,Human,-35801699#1,-35801597#3,3094.16,2735.95,3072.88,2591.9,10
517,39,217,1224,Human,-35801597#3,-35801699#1,3072.22,2602.05,3217.8,2583.0,1
518,223,71,379,Human,36288851#0,-35802097#1,3394.52,2593.98,3036.51,2745.83,6
519,225,172,196,Human,-35802071#0,-165170994#4,3317.8,2557.32,3436.9,925.36,10
520,249,105,672,Human,-165170818#1,-156480737#2,3422.49,780.17,3903.65,3084.79,4
521,184,135,241,Human,-698024153,36288851#0,3650.26,1196.71,3518.05,2505.32,14
522,284,125,238,Human,394446873#1,-36933151#0,2990.43,1928.48,3484.69,2216.71,14
