id,origin,destination,start_time,kind,origin_real_id,dest_real_id,origin_x,origin_y,dest_x,dest_y
5,5,4,1037,Human,-153730016#1,-394443151#2,4398.34,2207.95,3249.2,1483.56
6,6,5,43,Human,-859784039#0,-1119245060#0,4354.56,3187.94,4071.46,3446.76
8,8,7,1630,Human,1119245067,-36293459#7,4203.72,2952.09,3939.74,3470.65
9,9,8,1688,Human,1239117013#2,-165171783#1,3751.5,1890.18,3548.82,1310.1
10,10,2,142,Human,918716574#2,-156460683#5,3741.68,2928.73,3501.02,3995.22
13,13,10,1617,Human,-36950506#3,187827276,4627.4,2662.56,3101.9,3184.81
16,6,12,399,Human,-859784039#0,36936373#3,4354.56,3187.94,3899.86,2469.32
20,15,15,614,Human,-319058611,1239117012#2,4593.63,2654.61,3775.18,1918.55
23,21,18,492,Human,36936396#2,319058644,4104.91,2765.61,4321.64,2344.8
31,27,6,452,Human,-698026762,319058646#1,4914.63,2707.01,3690.37,1172.16
32,28,23,220,Human,-156460683#0,1119245060#2,3402.48,4301.31,4141.22,3411.37
37,33,27,1161,Human,-319779153,-36293459#8,4084.39,1983.65,3965.27,3464.79
38,34,28,1238,Human,-165170818#5,-37052277#3,3515.73,884.56,4030.33,3202.05
39,35,2,188,Human,-36293459#6,-156460683#5,3934.97,3472.18,3501.02,3995.22
41,37,29,396,Human,-243836884#1,36936327,3369.88,1267.91,3608.17,2609.61
42,38,22,1729,Human,39820659#3,36950506#0,4519.49,2510.63,4828.98,2712.21
52,46,36,846,Human,-36950439#0,-153730020#0,4465.26,2981.3,3966.29,1830.89
54,24,38,131,Human,-153730015#3,218916675,4374.92,1827.81,3251.57,2917.13
57,43,41,736,Human,-394456356#1,-157555050#0,4372.51,3216.85,4494.14,2880.53
58,40,42,1336,Human,-157555050#0,37050033#0,4393.79,2874.05,4120.11,2933.12
61,50,44,682,Human,-1239117016#2,-36293752#5,4903.66,2701.44,3924.4,3580.73
63,52,46,640,Human,-36933151#0,-394443146,3547.29,2149.14,3541.6,886.41
65,54,3,786,Human,165170685#0,-153730010#2,3533.55,1093.43,4571.17,2348.21
69,58,50,133,Human,-153730010#2,-394456402#1,4532.39,2399.14,3335.39,4167.92
70,59,51,895,Human,37088258#0,319058643#0,4287.62,2956.09,2556.1,2881.37
75,63,52,1410,Human,187827272,36935232,3128.08,3122.69,4007.34,2632.4
80,65,59,1538,Human,-165172642#0,-1119245061,3719.07,1475.13,4157.33,3406.51
81,66,60,278,Human,-153730008#2,-165172642#0,4268.59,1937.85,3705.59,1526.3
87,71,48,551,Human,-37055902#2,-36950506#2,4182.61,3242.53,4700.18,2679.41
88,72,64,545,Human,36950506#0,39820659#0,4869.97,2719.55,4314.13,2424.18
89,73,2,1520,Human,-1339510609#0,-156460683#5,4495.01,2614.76,3501.02,3995.22
92,76,12,1624,Human,36935232,36936373#3,4052.0,2739.71,3899.86,2469.32
93,70,66,1298,Human,270968317#0,-165171782,3950.91,2852.63,3420.67,1164.81
106,82,58,1454,Human,610135147#1,36950518#0,4435.44,1332.57,4316.43,3044.17
109,84,63,450,Human,48955997,-36289599#0,4182.54,2774.98,4268.62,2629.65
113,85,74,1398,Human,697624157#1,37050033#1,2898.56,3028.21,4141.15,2942.78
119,91,78,240,Human,37054132,-37054066,3357.53,3830.86,3769.23,3560.98
120,92,79,1081,Human,-697704135,-1119245057#2,3315.24,3908.59,4127.53,3603.44
121,93,80,721,Human,39820659#0,269702561#1,4313.94,2424.12,4015.63,2810.18
123,95,82,176,Human,153730020#1,1239117012#1,4083.8,1895.32,3831.36,1955.83
126,43,85,78,Human,-394456356#1,-319779150#2,4372.51,3216.85,3965.38,1960.39
129,99,87,354,Human,48955996,-153730015#1,4140.51,2840.61,4343.63,2207.42
130,100,4,909,Human,-36950518#1,-394443151#2,4325.56,3088.11,3249.2,1483.56
132,3,78,974,Human,-1119245057#1,-37054066,4123.04,3588.62,3769.23,3560.98
134,94,89,268,Human,-156460683#5,-36294383#6,3506.04,3889.74,4275.12,3531.19
136,102,57,371,Human,-36294383#4,-650145324#1,4283.16,3479.08,3827.79,2130.02
137,103,69,1800,Human,-36293752#1,37050051,3898.74,3515.09,4215.06,2952.07
140,105,90,871,Human,-394443146,39820659#1,3577.1,969.88,4413.61,2454.28
144,107,92,1526,Human,-36934835#1,-36294383#8,3579.39,2720.93,4234.09,3863.96
147,94,93,1443,Human,-156460683#5,-37088332#3,3506.04,3889.74,4313.44,2757.08
148,49,83,1629,Human,-36293752#5,-37052277#2,3937.76,3614.93,4040.07,3269.98
149,8,37,694,Human,1119245067,-36950439#0,4203.72,2952.09,4300.89,2961.26
152,111,27,1399,Human,37050515#2,-36293459#8,3934.68,2984.74,3965.27,3464.79
154,113,2,272,Human,-1119245070,-156460683#5,3987.71,2888.77,3501.02,3995.22
155,78,95,955,Human,332885734#2,319058612#1,4589.02,3230.73,3945.85,2862.2250000000004
159,115,57,456,Human,-36288941#1,-650145324#1,3920.23,2754.04,3827.79,2130.02
160,116,99,79,Human,37050515#1,-36950439#1,3960.81,2978.22,4474.44,2982.54
161,117,2,1152,Human,-36293459#0,-156460683#5,3699.05,3580.57,3501.02,3995.22
163,118,101,677,Human,-36294383#9,153730936#3,4556.44,3888.2,3909.75,2386.72
164,119,102,1749,Human,-1119245061,36936407#0,4210.82,3379.03,3891.48,2875.87
166,121,104,98,Human,-476687231#1,918716574#0,4029.1,3657.47,3773.79,2917.64
169,58,2,101,Human,-153730010#2,-156460683#5,4532.39,2399.14,3501.02,3995.22
170,124,47,1775,Human,36934854#1,-328471845#0,3772.48,2810.38,4593.32,2654.54
171,125,105,904,Human,-153730934,-156480737#2,4070.29,2570.07,3903.65,3084.79
172,126,49,1630,Human,-36288941#0,319058608#0,3930.36,2798.02,4324.42,2615.53
173,127,106,1015,Human,-710478296,-36293752#1,2365.52,2771.98,3898.63,3514.81
177,12,108,544,Human,-36294081#1,-650145330#0,4177.48,3912.82,3732.31,1948.22
179,130,110,34,Human,-394446871#1,36936590#6,4411.05,2399.53,3656.16,1766.12
185,133,65,551,Human,37050033#0,157553231,3993.62,2897.49,4192.97,2738.59
193,6,0,1652,Human,-859784039#0,-243836884#5,4354.56,3187.94,3452.5,1409.57
195,97,74,1084,Human,-37052277#2,37050033#1,4031.66,3211.36,4141.15,2942.78
197,140,95,76,Human,36936396#0,319058612#1,4034.9,2805.24,3945.85,2862.2250000000004
198,47,115,1638,Human,-153730020#0,-153730016#0,4070.25,1891.39,4462.69,2191.67
199,141,47,1603,Human,918716574#1,-328471845#0,3763.13,2921.21,4593.32,2654.54
202,7,30,378,Human,36936590#6,165170685#1,3624.39,1709.24,3650.16,1196.12
203,143,116,1578,Human,-153730011,36936396#3,4283.63,2122.53,4132.03,2750.69
205,23,63,697,Human,269702544,-36289599#0,3722.7,2378.13,4268.62,2629.65
206,145,95,367,Human,270968324,319058612#1,3983.9,2439.01,3945.85,2862.2250000000004
208,146,118,1608,Human,-165172307#0,-36294383#5,3837.47,1456.67,4281.55,3486.0
209,147,119,1473,Human,319058602#1,1239117012#5,4356.15,3275.19,3665.9,1794.7
210,148,120,184,Human,-394456385#0,-36950506#1,3615.21,2304.51,4820.49,2706.93
212,94,31,100,Human,-156460683#5,610135147#1,3506.04,3889.74,4386.22,1330.98
214,151,48,1453,Human,-35801699#1,-36950506#2,3094.16,2735.95,4700.18,2679.41
215,98,45,424,Human,-157553230,36936373#1,4144.54,2503.79,3897.31,2538.38
216,98,4,789,Human,-157553230,-394443151#2,4144.54,2503.79,3249.2,1483.56
217,125,121,914,Human,-153730934,-36288941#0,4070.29,2570.07,3944.06,2849.73
220,153,77,904,Human,156467000#3,327343097#1,3060.11,3034.91,2908.89,2512.78
221,64,123,214,Human,-36950506#2,-36933126#1,4646.92,2666.76,3698.61,2168.79
226,55,126,489,Human,-36950439#1,-610220874#1,4493.3,2985.34,3471.58,2031.06
227,156,127,262,Human,36284386#0,-1339510610,3548.57,2494.72,4397.92,2616.99
229,143,63,1435,Human,-153730011,-36289599#0,4283.63,2122.53,4268.62,2629.65
230,158,129,518,Human,-36288941#2,-319779150#1,3902.8,2683.13,3947.23,1986.25
232,84,126,473,Human,48955997,-610220874#1,4182.54,2774.98,3471.58,2031.06
235,161,131,810,Human,-37640679#2,-153730022#0,2684.34,2654.11,4619.76,2107.77
236,162,31,319,Human,-37053056#5,610135147#1,3434.77,3215.92,4386.22,1330.98
237,26,125,1789,Human,319058608#0,-36933151#0,4389.91,2616.46,3484.69,2216.71
238,26,132,491,Human,319058608#0,-698024153,4389.91,2616.46,3661.06,1265.1
240,39,47,387,Human,-35801597#3,-328471845#0,3072.22,2602.05,4593.32,2654.54
246,167,12,1351,Human,36935235#0,36936373#3,4067.04,2602.88,3899.86,2469.32
247,168,57,1517,Human,-153730938,-650145324#1,3978.73,2500.47,3827.79,2130.02
248,169,136,1137,Human,-394456385#1,-269702560,3537.42,2334.41,3941.58,2657.94
249,170,137,1797,Human,-269702560,-394456385#1,3943.58,2662.14,3607.64,2310.09
255,93,57,1673,Human,39820659#0,-650145324#1,4313.94,2424.12,3827.79,2130.02
256,42,122,159,Human,-36294081#3,36936590#5,4173.95,3956.32,3619.86,1700.55
257,173,140,385,Human,650145330#2,-37088673#0,3745.38,1953.6,4327.69,2357.22
261,8,143,101,Human,1119245067,36936423#4,4203.72,2952.09,3450.17,3047.08
265,134,57,1143,Human,-153730017,-650145324#1,4215.46,2041.61,3827.79,2130.02
272,178,57,1761,Human,36936655#4,-650145324#1,4021.64,2178.39,3827.79,2130.02
273,134,147,1074,Human,-153730017,-36933307#1,4215.46,2041.61,3678.83,2456.48
278,169,149,72,Human,-394456385#1,-156460683#8,3537.42,2334.41,3515.31,3709.15
279,82,143,126,Human,610135147#1,36936423#4,4435.44,1332.57,3450.17,3047.08
280,181,150,469,Human,-153730937,36936590#1,4061.01,2472.95,3580.73,1628.15
281,182,31,293,Human,36936423#3,610135147#1,3405.97,3064.26,4386.22,1330.98
284,184,151,732,Human,-698024153,394456380,3650.26,1196.71,3798.0,3026.19
285,185,152,289,Human,39820659#2,156467000#0,4422.63,2456.98,3112.51,3053.48
290,189,2,1792,Human,-187827289,-156460683#5,2782.44,2996.94,3501.02,3995.22
291,58,155,832,Human,-153730010#2,-394446869,4532.39,2399.14,2994.76,1921.63
292,190,31,106,Human,-319058604#1,610135147#1,3375.9,2729.18,4386.22,1330.98
299,192,134,1345,Human,-650145330#0,269702544,3731.83,1949.7,3899.67,2386.95
301,193,83,1250,Human,-156460691,-37052277#2,3293.89,4209.57,4040.07,3269.98
303,195,158,1593,Human,39820664#7,-156480737#1,3436.635,2227.915,3871.5,3010.13
311,188,58,922,Human,-394443147#0,36950518#0,3536.6,873.76,4316.43,3044.17
312,200,40,1079,Human,-37055902#1,156467000#3,4178.73,3177.43,3001.2,3022.72
313,201,161,577,Human,37051441#2,-243836884#1,4216.24,3070.12,3284.93,1186.31
314,202,144,226,Human,-165172642#1,-156460681#1,3727.99,1408.3,3354.75,3818.0
316,203,57,1652,Human,-218916903,-650145324#1,3669.8,2831.64,3827.79,2130.02
318,204,135,1687,Human,187827276,36288851#0,3139.32,3136.04,3518.05,2505.32
323,85,165,688,Human,697624157#1,-394446875,2898.56,3028.21,4074.36,2085.22
324,208,166,1323,Human,153730936#3,36785117#0,3973.95,2391.87,3182.75,3052.41
325,209,29,167,Human,-36288851#1,36936327,3540.82,2493.34,3608.17,2609.61
327,210,148,1347,Human,37051113#1,1239117013#2,3736.31,3038.33,3908.6,2004.19
329,212,52,248,Human,36936480#1,36935232,3492.56,1506.08,4007.34,2632.4
330,22,161,1546,Human,319058644,-243836884#1,4323.02,2338.06,3284.93,1186.31
333,214,29,646,Human,-36933126#1,36936327,3754.22,2246.56,3608.17,2609.61
337,121,172,1382,Human,-476687231#1,-165170994#4,4029.1,3657.47,3436.9,925.36
338,217,173,740,Human,165170685#1,319779133#0,3633.26,1132.63,4376.96,1325.57
339,218,30,1340,Human,319779133#0,165170685#1,4321.23,1323.77,3650.16,1196.12
344,222,132,522,Human,-153730022#1,-698024153,4487.29,2226.95,3661.06,1265.1
349,225,177,1028,Human,-35802071#0,37056055#1,3317.8,2557.32,3636.8,3146.22
358,104,182,677,Human,-153732963#2,-153730022#1,4056.95,2170.4,4524.08,2233.0
361,232,183,1523,Human,-36936749#1,-319058611,4338.8,2229.15,4616.42,2660.09
362,233,31,417,Human,36289394#2,610135147#1,4171.53,2512.88,4386.22,1330.98
365,185,47,1358,Human,39820659#2,-328471845#0,4422.63,2456.98,4593.32,2654.54
366,143,47,35,Human,-153730011,-328471845#0,4283.63,2122.53,4593.32,2654.54
368,58,181,118,Human,-153730010#2,-153730017,4532.39,2399.14,4206.22,1995.43
370,234,185,231,Human,-165172165#1,-35802071#2,3867.53,1404.44,3374.95,2593.39
372,34,14,50,Human,-165170818#5,-698026762,3515.73,884.56,4914.44,2707.08
375,47,181,1136,Human,-153730020#0,-153730017,4070.25,1891.39,4206.22,1995.43
377,186,132,818,Human,-165170818#3,-698024153,3490.43,816.38,3661.06,1265.1
379,217,188,1434,Human,165170685#1,-509025806#0,3633.26,1132.63,3131.91,1224.29
380,238,14,690,Human,394443152#0,-698026762,3529.66,987.24,4914.44,2707.08
381,150,189,1347,Human,36936749#4,319058592#0,4278.74,2067.0,4253.46,1327.11
383,166,187,150,Human,36936727#1,698024155#1,4291.14,2331.14,4244.18,1321.09
384,184,0,787,Human,-698024153,-243836884#5,3650.26,1196.71,3452.5,1409.57
386,240,71,1248,Human,-165170681#1,-35802097#1,3412.55,1078.47,3036.51,2745.83
390,184,155,1311,Human,-698024153,-394446869,3650.26,1196.71,2994.76,1921.63
391,219,46,1052,Human,-165170681#0,-394443146,3428.09,1075.67,3541.6,886.41
392,188,132,1268,Human,-394443147#0,-698024153,3536.6,873.76,3661.06,1265.1
394,184,161,373,Human,-698024153,-243836884#1,3650.26,1196.71,3284.93,1186.31
397,105,60,1252,Human,-394443146,-165172642#0,3577.1,969.88,3705.59,1526.3
398,239,174,592,Human,-243836884#5,-165172165#1,3478.25,1454.75,3724.71,1283.93
400,227,138,1438,Human,319058646#0,302162780#1,3716.77,1273.42,3589.37,1868.36
402,202,0,983,Human,-165172642#1,-243836884#5,3727.99,1408.3,3452.5,1409.57
403,243,60,323,Human,-165171446,-165172642#0,3361.38,1031.7,3705.59,1526.3
404,240,60,802,Human,-165170681#1,-165172642#0,3412.55,1078.47,3705.59,1526.3
405,1,161,1024,Human,-165171783#1,-243836884#1,3548.82,1309.9,3284.93,1186.31
407,243,0,1389,Human,-165171446,-243836884#5,3361.38,1031.7,3452.5,1409.57
409,65,30,374,Human,-165172642#0,165170685#1,3719.07,1475.13,3650.16,1196.12
410,9,8,1151,Human,1239117013#2,-165171783#1,3751.5,1890.18,3548.82,1310.1
415,186,178,1261,Human,-165170818#3,-165171783#2,3490.43,816.38,3551.37,1305.58
418,186,66,509,Human,-165170818#3,-165171782,3490.43,816.38,3420.67,1164.81
425,184,126,1771,Human,-698024153,-610220874#1,3650.26,1196.71,3471.58,2031.06
428,251,172,490,Human,-1119245693,-165170994#4,4139.15,2785.65,3436.9,925.36
429,242,197,1059,Human,-165172165#0,-1119245693,3710.49,1281.62,4138.96,2785.71
435,254,95,1289,Human,165170817,319058612#1,3526.59,1068.19,3945.85,2862.2250000000004
440,256,60,454,Human,-319779154,-165172642#0,4222.62,1945.21,3705.59,1526.3
444,79,202,246,Human,-36289599#0,-319058629,4242.73,2651.65,3714.68,1220.19
445,257,172,350,Human,159922990,-165170994#4,4141.75,2789.83,3436.9,925.36
447,206,36,1116,Human,-319058629,-153730020#0,3728.58,1209.42,3966.29,1830.89
449,74,200,821,Human,269702561#0,-201772616#1,3946.26,2664.14,3966.16,1152.56
452,32,108,1602,Human,-153730018,-650145330#0,4227.83,1859.78,3732.31,1948.22
453,258,125,681,Human,-1239117045,-36933151#0,4010.81,1632.45,3484.69,2216.71
454,227,108,646,Human,319058646#0,-650145330#0,3716.77,1273.42,3732.31,1948.22
457,260,172,370,Human,-36289599#1,-165170994#4,4194.85,2721.91,3436.9,925.36
461,105,148,89,Human,-394443146,1239117013#2,3577.1,969.88,3908.6,2004.19
462,184,130,37,Human,-698024153,698024155#0,3650.26,1196.71,4190.9,1319.06
467,241,207,671,Human,-394443151#2,-165170818#8,3302.71,1554.92,3521.21,996.37
470,245,161,1427,Human,319058646#1,-243836884#1,3702.91,1216.22,3284.93,1186.31
473,254,132,1089,Human,165170817,-698024153,3526.59,1068.19,3661.06,1265.1
474,117,141,397,Human,-36293459#0,36936423#2,3699.05,3580.57,3399.42,3066.79
475,12,16,1006,Human,-36294081#1,-156460683#0,4177.48,3912.82,3345.56,4371.28
476,262,208,1485,Human,-156460683#1,-36293459#0,3458.43,4240.79,3541.21,3616.11
479,263,139,17,Human,-156460683#8,-35801597#3,3537.4,3623.57,3072.88,2591.9
485,268,78,489,Human,319058598,-37054066,3175.9,3094.68,3769.23,3560.98
486,28,147,34,Human,-156460683#0,-36933307#1,3402.48,4301.31,3678.83,2456.48
489,193,71,508,Human,-156460691,-35802097#1,3293.89,4209.57,3036.51,2745.83
490,262,71,1301,Human,-156460683#1,-35802097#1,3458.43,4240.79,3036.51,2745.83
492,193,2,1226,Human,-156460691,-156460683#5,3293.89,4209.57,3501.02,3995.22
494,271,2,1614,Human,-156460677,-156460683#5,3358.75,3960.31,3501.02,3995.22
495,271,2,912,Human,-156460677,-156460683#5,3358.75,3960.31,3501.02,3995.22
496,193,104,185,Human,-156460691,918716574#0,3293.89,4209.57,3773.79,2917.64
497,272,71,563,Human,-187827283#2,-35802097#1,2837.21,3266.1,3036.51,2745.83
500,274,78,515,Human,-1238426234#0,-37054066,3043.55,2187.95,3769.23,3560.98
504,277,214,1001,Human,-339701637,319058612#0,2971.65,2420.08,3965.09,2877.17
512,282,152,1042,Human,-35802097#1,156467000#0,3008.14,2746.51,3112.51,3053.48
515,186,177,503,Human,-165170818#3,37056055#1,3490.43,816.38,3636.8,3146.22
518,223,71,379,Human,36288851#0,-35802097#1,3394.52,2593.98,3036.51,2745.83
519,225,172,196,Human,-35802071#0,-165170994#4,3317.8,2557.32,3436.9,925.36
520,249,105,672,Human,-165170818#1,-156480737#2,3422.49,780.17,3903.65,3084.79
