start_time,origin,destination,kind,origin_real_id,dest_real_id,origin_x,origin_y,dest_x,dest_y,cluster
5,0,0,Human,315358244,-25149001#4,212975.4675,453432.9725,212672.595,451274.97,4
5,1,1,Human,10425609#0,-128361102#1,213091.635,451303.575,211388.46,451952.25,18
11,2,2,Human,24608844,32978638#0,213600.045,452309.8,213633.66,451984.92,19
11,0,3,Human,315358244,386687235,212975.4675,453432.9725,213478.36,452435.42,4
11,3,3,Human,315358250#0,386687235,213010.6175,453383.065,213478.36,452435.42,15
12,4,3,Human,-306240162#1,386687235,211638.505,452888.985,213478.36,452435.42,2
13,4,4,Human,-306240162#1,399835085#1,211638.505,452888.985,212001.44,453157.175,1
15,4,3,Human,-306240162#1,386687235,211638.505,452888.985,213478.36,452435.42,2
17,4,3,Human,-306240162#1,386687235,211638.505,452888.985,213478.36,452435.42,2
25,5,2,Human,201201950#1,32978638#0,212938.88,452449.41,213633.66,451984.92,19
26,4,3,Human,-306240162#1,386687235,211638.505,452888.985,213478.36,452435.42,2
28,4,3,Human,-306240162#1,386687235,211638.505,452888.985,213478.36,452435.42,2
30,0,3,Human,315358244,386687235,212975.4675,453432.9725,213478.36,452435.42,4
31,6,5,Human,201201953#4,-266565295#5,212565.76,452330.09,213811.85,452244.51,16
33,1,1,Human,10425609#0,-128361102#1,213091.635,451303.575,211388.46,451952.25,18
37,4,3,Human,-306240162#1,386687235,211638.505,452888.985,213478.36,452435.42,2
39,7,6,Human,272042143,24634414#1,213484.675,452457.545,213210.56,452282.365,0
55,8,7,Human,266565295#5,-24634415,213807.23,452252.93,213265.68,452105.8000000001,11
56,9,8,Human,22716069#0,24634517#13,212648.485,451697.03,212403.965,451889.175,18
57,8,9,Human,266565295#5,201238729#3,213807.23,452252.93,211438.31,452110.43,11
57,4,3,Human,-306240162#1,386687235,211638.505,452888.985,213478.36,452435.42,2
58,10,5,Human,24634507,-266565295#5,212909.515,451808.915,213811.85,452244.51,16
60,11,4,Human,128361109#1,399835085#1,211442.47,452097.55,212001.44,453157.175,15
61,7,9,Human,272042143,201238729#3,213484.675,452457.545,211438.31,452110.43,17
69,12,10,Human,315358242#0,306240162#0,213272.11,452897.16,211642.94,452890.83,13
72,11,3,Human,128361109#1,386687235,211442.47,452097.55,213478.36,452435.42,15
72,13,11,Human,-447569998#1,-26677539,213434.54,453008.69,213132.695,453002.015,9
73,11,3,Human,128361109#1,386687235,211442.47,452097.55,213478.36,452435.42,15
75,11,3,Human,128361109#1,386687235,211442.47,452097.55,213478.36,452435.42,15
77,11,2,Human,128361109#1,32978638#0,211442.47,452097.55,213633.66,451984.92,19
77,4,3,Human,-306240162#1,386687235,211638.505,452888.985,213478.36,452435.42,2
79,11,3,Human,128361109#1,386687235,211442.47,452097.55,213478.36,452435.42,15
80,0,12,Human,315358244,447569997#1,212975.4675,453432.9725,213435.6,452999.15,4
81,4,3,Human,-306240162#1,386687235,211638.505,452888.985,213478.36,452435.42,2
82,13,4,Human,-447569998#1,399835085#1,213434.54,453008.69,212001.44,453157.175,9
82,14,3,Human,-54169231#2,386687235,212973.835,452759.09,213478.36,452435.42,15
82,11,3,Human,128361109#1,386687235,211442.47,452097.55,213478.36,452435.42,15
82,0,2,Human,315358244,32978638#0,212975.4675,453432.9725,213633.66,451984.92,4
83,4,3,Human,-306240162#1,386687235,211638.505,452888.985,213478.36,452435.42,2
86,4,3,Human,-306240162#1,386687235,211638.505,452888.985,213478.36,452435.42,2
88,0,3,Human,315358244,386687235,212975.4675,453432.9725,213478.36,452435.42,4
89,11,3,Human,128361109#1,386687235,211442.47,452097.55,213478.36,452435.42,15
91,11,3,Human,128361109#1,386687235,211442.47,452097.55,213478.36,452435.42,15
92,11,2,Human,128361109#1,32978638#0,211442.47,452097.55,213633.66,451984.92,19
93,4,3,Human,-306240162#1,386687235,211638.505,452888.985,213478.36,452435.42,2
94,11,3,Human,128361109#1,386687235,211442.47,452097.55,213478.36,452435.42,15
96,11,13,Human,128361109#1,40888354#0,211442.47,452097.55,213168.415,452820.44,15
101,15,1,Human,-10427692#1,-128361102#1,211769.91,451851.51,211388.46,451952.25,18
101,4,4,Human,-306240162#1,399835085#1,211638.505,452888.985,212001.44,453157.175,1
105,4,3,Human,-306240162#1,386687235,211638.505,452888.985,213478.36,452435.42,2
106,16,5,Human,-32978638#0,-266565295#5,213640.75,451987.935,213811.85,452244.51,16
109,4,3,Human,-306240162#1,386687235,211638.505,452888.985,213478.36,452435.42,2
112,0,12,Human,315358244,447569997#1,212975.4675,453432.9725,213435.6,452999.15,4
119,17,5,Human,-18809673#6,-266565295#5,211318.32,451074.855,213811.85,452244.51,6
125,7,10,Human,272042143,306240162#0,213484.675,452457.545,211642.94,452890.83,10
127,18,2,Human,201950247#3,32978638#0,213070.49,452706.715,213633.66,451984.92,19
128,7,4,Human,272042143,399835085#1,213484.675,452457.545,212001.44,453157.175,0
129,1,1,Human,10425609#0,-128361102#1,213091.635,451303.575,211388.46,451952.25,18
131,7,10,Human,272042143,306240162#0,213484.675,452457.545,211642.94,452890.83,10
132,1,1,Human,10425609#0,-128361102#1,213091.635,451303.575,211388.46,451952.25,18
133,4,3,Human,-306240162#1,386687235,211638.505,452888.985,213478.36,452435.42,2
134,1,1,Human,10425609#0,-128361102#1,213091.635,451303.575,211388.46,451952.25,18
135,16,5,Human,-32978638#0,-266565295#5,213640.75,451987.935,213811.85,452244.51,16
136,7,10,Human,272042143,306240162#0,213484.675,452457.545,211642.94,452890.83,10
136,1,1,Human,10425609#0,-128361102#1,213091.635,451303.575,211388.46,451952.25,18
139,7,9,Human,272042143,201238729#3,213484.675,452457.545,211438.31,452110.43,17
140,19,12,Human,-26677542#0,447569997#1,212861.46,453069.875,213435.6,452999.15,18
141,20,3,Human,26677213#0,386687235,212783.0,452608.015,213478.36,452435.42,15
141,7,4,Human,272042143,399835085#1,213484.675,452457.545,212001.44,453157.175,0
142,8,9,Human,266565295#5,201238729#3,213807.23,452252.93,211438.31,452110.43,11
149,13,14,Human,-447569998#1,315358242#0,213434.54,453008.69,213322.49,452739.76,9
149,8,9,Human,266565295#5,201238729#3,213807.23,452252.93,211438.31,452110.43,11
150,8,15,Human,266565295#5,-24634506#2,213807.23,452252.93,212923.875,452069.915,11
152,4,16,Human,-306240162#1,30482615#1,211638.505,452888.985,212028.14,450765.2,16
154,4,3,Human,-306240162#1,386687235,211638.505,452888.985,213478.36,452435.42,2
154,13,4,Human,-447569998#1,399835085#1,213434.54,453008.69,212001.44,453157.175,9
155,4,3,Human,-306240162#1,386687235,211638.505,452888.985,213478.36,452435.42,2
158,21,17,Human,24599188#0.94,-10427692#3,213342.76,451641.085,211783.375,451881.39,18
160,22,9,Human,176550249#3,201238729#3,212398.57,452249.84,211438.31,452110.43,17
160,4,18,Human,-306240162#1,24634510#6,211638.505,452888.985,212342.785,452084.485,2
164,11,3,Human,128361109#1,386687235,211442.47,452097.55,213478.36,452435.42,15
166,11,3,Human,128361109#1,386687235,211442.47,452097.55,213478.36,452435.42,15
167,23,2,Human,-24634413#2,32978638#0,213167.66,452053.11,213633.66,451984.92,19
169,11,3,Human,128361109#1,386687235,211442.47,452097.55,213478.36,452435.42,15
171,11,3,Human,128361109#1,386687235,211442.47,452097.55,213478.36,452435.42,15
172,11,3,Human,128361109#1,386687235,211442.47,452097.55,213478.36,452435.42,15
176,11,4,Human,128361109#1,399835085#1,211442.47,452097.55,212001.44,453157.175,15
178,11,3,Human,128361109#1,386687235,211442.47,452097.55,213478.36,452435.42,15
179,11,3,Human,128361109#1,386687235,211442.47,452097.55,213478.36,452435.42,15
181,4,3,Human,-306240162#1,386687235,211638.505,452888.985,213478.36,452435.42,2
181,11,3,Human,128361109#1,386687235,211442.47,452097.55,213478.36,452435.42,15
181,0,2,Human,315358244,32978638#0,212975.4675,453432.9725,213633.66,451984.92,4
183,4,3,Human,-306240162#1,386687235,211638.505,452888.985,213478.36,452435.42,2
186,4,3,Human,-306240162#1,386687235,211638.505,452888.985,213478.36,452435.42,2
188,4,3,Human,-306240162#1,386687235,211638.505,452888.985,213478.36,452435.42,2
189,24,19,Human,-160314345#5,-24634505,213480.015,452304.825,212865.605,452150.26,18
189,4,3,Human,-306240162#1,386687235,211638.505,452888.985,213478.36,452435.42,2
191,4,3,Human,-306240162#1,386687235,211638.505,452888.985,213478.36,452435.42,2
192,4,3,Human,-306240162#1,386687235,211638.505,452888.985,213478.36,452435.42,2
194,1,1,Human,10425609#0,-128361102#1,213091.635,451303.575,211388.46,451952.25,18
195,11,3,Human,128361109#1,386687235,211442.47,452097.55,213478.36,452435.42,15
197,25,10,Human,24634517#1,306240162#0,212025.5,451709.68000000005,211642.94,452890.83,13
199,4,3,Human,-306240162#1,386687235,211638.505,452888.985,213478.36,452435.42,2
201,0,3,Human,315358244,386687235,212975.4675,453432.9725,213478.36,452435.42,4
203,0,12,Human,315358244,447569997#1,212975.4675,453432.9725,213435.6,452999.15,4
204,4,3,Human,-306240162#1,386687235,211638.505,452888.985,213478.36,452435.42,2
204,17,3,Human,-18809673#6,386687235,211318.32,451074.855,213478.36,452435.42,15
212,4,3,Human,-306240162#1,386687235,211638.505,452888.985,213478.36,452435.42,2
213,4,20,Human,-306240162#1,272042145,211638.505,452888.985,213478.39,452442.76,16
220,1,10,Human,10425609#0,306240162#0,213091.635,451303.575,211642.94,452890.83,13
221,4,20,Human,-306240162#1,272042145,211638.505,452888.985,213478.39,452442.76,16
221,26,3,Human,201238726#0.117,386687235,211898.18,452192.0825,213478.36,452435.42,15
223,7,9,Human,272042143,201238729#3,213484.675,452457.545,211438.31,452110.43,17
225,7,4,Human,272042143,399835085#1,213484.675,452457.545,212001.44,453157.175,0
226,4,3,Human,-306240162#1,386687235,211638.505,452888.985,213478.36,452435.42,2
226,7,10,Human,272042143,306240162#0,213484.675,452457.545,211642.94,452890.83,10
228,7,9,Human,272042143,201238729#3,213484.675,452457.545,211438.31,452110.43,17
229,17,3,Human,-18809673#6,386687235,211318.32,451074.855,213478.36,452435.42,15
230,7,4,Human,272042143,399835085#1,213484.675,452457.545,212001.44,453157.175,0
231,7,10,Human,272042143,306240162#0,213484.675,452457.545,211642.94,452890.83,10
233,7,4,Human,272042143,399835085#1,213484.675,452457.545,212001.44,453157.175,0
233,4,3,Human,-306240162#1,386687235,211638.505,452888.985,213478.36,452435.42,2
234,7,10,Human,272042143,306240162#0,213484.675,452457.545,211642.94,452890.83,10
235,0,21,Human,315358244,-201238724,212975.4675,453432.9725,212836.39,452204.11,4
236,7,10,Human,272042143,306240162#0,213484.675,452457.545,211642.94,452890.83,10
238,7,9,Human,272042143,201238729#3,213484.675,452457.545,211438.31,452110.43,17
238,8,21,Human,266565295#5,-201238724,213807.23,452252.93,212836.39,452204.11,11
240,27,2,Human,28319300#3,32978638#0,212238.04,452544.145,213633.66,451984.92,19
245,16,10,Human,-32978638#0,306240162#0,213640.75,451987.935,211642.94,452890.83,13
245,4,20,Human,-306240162#1,272042145,211638.505,452888.985,213478.39,452442.76,16
245,17,22,Human,-18809673#6,-83304175#2,211318.32,451074.855,213340.28,451635.835,6
246,16,10,Human,-32978638#0,306240162#0,213640.75,451987.935,211642.94,452890.83,13
248,11,3,Human,128361109#1,386687235,211442.47,452097.55,213478.36,452435.42,15
248,16,9,Human,-32978638#0,201238729#3,213640.75,451987.935,211438.31,452110.43,17
249,11,3,Human,128361109#1,386687235,211442.47,452097.55,213478.36,452435.42,15
258,4,3,Human,-306240162#1,386687235,211638.505,452888.985,213478.36,452435.42,2
260,11,3,Human,128361109#1,386687235,211442.47,452097.55,213478.36,452435.42,15
261,28,9,Human,-399835085#0,201238729#3,212144.335,453005.3,211438.31,452110.43,17
262,0,23,Human,315358244,26677541,212975.4675,453432.9725,213017.6,453046.28,4
264,29,3,Human,-160314345#2,386687235,213207.6,452277.045,213478.36,452435.42,15
265,4,24,Human,-306240162#1,201238718#0,211638.505,452888.985,212879.05,452356.22,2
267,11,3,Human,128361109#1,386687235,211442.47,452097.55,213478.36,452435.42,15
267,4,3,Human,-306240162#1,386687235,211638.505,452888.985,213478.36,452435.42,2
268,30,25,Human,168702040#1,-25145014#0,213570.04,452107.55,212666.33,451610.59,18
269,4,3,Human,-306240162#1,386687235,211638.505,452888.985,213478.36,452435.42,2
269,11,3,Human,128361109#1,386687235,211442.47,452097.55,213478.36,452435.42,15
271,11,26,Human,128361109#1,24634509#1,211442.47,452097.55,212852.71,452044.03,15
272,11,3,Human,128361109#1,386687235,211442.47,452097.55,213478.36,452435.42,15
280,4,16,Human,-306240162#1,30482615#1,211638.505,452888.985,212028.14,450765.2,16
281,1,1,Human,10425609#0,-128361102#1,213091.635,451303.575,211388.46,451952.25,18
283,11,3,Human,128361109#1,386687235,211442.47,452097.55,213478.36,452435.42,15
285,11,3,Human,128361109#1,386687235,211442.47,452097.55,213478.36,452435.42,15
286,16,12,Human,-32978638#0,447569997#1,213640.75,451987.935,213435.6,452999.15,3
288,16,27,Human,-32978638#0,-315358242#1,213640.75,451987.935,213331.87,452741.83,3
289,11,28,Human,128361109#1,-315358242#0,211442.47,452097.55,213281.13,452900.43,15
289,16,9,Human,-32978638#0,201238729#3,213640.75,451987.935,211438.31,452110.43,17
292,8,9,Human,266565295#5,201238729#3,213807.23,452252.93,211438.31,452110.43,11
292,4,29,Human,-306240162#1,402600768#1,211638.505,452888.985,213484.76,452070.75,12
293,31,2,Human,24634416,32978638#0,213252.9,452163.915,213633.66,451984.92,19
293,4,3,Human,-306240162#1,386687235,211638.505,452888.985,213478.36,452435.42,2
295,4,3,Human,-306240162#1,386687235,211638.505,452888.985,213478.36,452435.42,2
296,4,3,Human,-306240162#1,386687235,211638.505,452888.985,213478.36,452435.42,2
298,4,3,Human,-306240162#1,386687235,211638.505,452888.985,213478.36,452435.42,2
299,11,3,Human,128361109#1,386687235,211442.47,452097.55,213478.36,452435.42,15
301,11,3,Human,128361109#1,386687235,211442.47,452097.55,213478.36,452435.42,15
305,16,30,Human,-32978638#0,28319300#3,213640.75,451987.935,212239.235,452458.24,3
305,17,5,Human,-18809673#6,-266565295#5,211318.32,451074.855,213811.85,452244.51,6
306,32,9,Human,-24634509#7,201238729#3,212847.145,452042.39,211438.31,452110.43,17
307,33,9,Human,-137454133#5,201238729#3,212153.36,452323.795,211438.31,452110.43,17
308,4,31,Human,-306240162#1,-201963533#4,211638.505,452888.985,212028.91,451703.04,1
315,0,3,Human,315358244,386687235,212975.4675,453432.9725,213478.36,452435.42,4
317,0,3,Human,315358244,386687235,212975.4675,453432.9725,213478.36,452435.42,4
320,4,3,Human,-306240162#1,386687235,211638.505,452888.985,213478.36,452435.42,2
320,0,3,Human,315358244,386687235,212975.4675,453432.9725,213478.36,452435.42,4
323,8,32,Human,266565295#5,24608845,213807.23,452252.93,212875.45,452147.735,11
323,4,33,Human,-306240162#1,-25190140#1,211638.505,452888.985,212561.26,451214.905,16
324,0,16,Human,315358244,30482615#1,212975.4675,453432.9725,212028.14,450765.2,4
324,4,34,Human,-306240162#1,137454133#2,211638.505,452888.985,212147.62,452322.965,16
326,8,9,Human,266565295#5,201238729#3,213807.23,452252.93,211438.31,452110.43,11
329,34,10,Human,-315358257#0.26,306240162#0,212259.43,452900.09,211642.94,452890.83,13
329,8,9,Human,266565295#5,201238729#3,213807.23,452252.93,211438.31,452110.43,11
330,8,9,Human,266565295#5,201238729#3,213807.23,452252.93,211438.31,452110.43,11
331,16,10,Human,-32978638#0,306240162#0,213640.75,451987.935,211642.94,452890.83,13
332,17,3,Human,-18809673#6,386687235,211318.32,451074.855,213478.36,452435.42,15
335,11,3,Human,128361109#1,386687235,211442.47,452097.55,213478.36,452435.42,15
335,16,12,Human,-32978638#0,447569997#1,213640.75,451987.935,213435.6,452999.15,3
335,21,35,Human,24599188#0.94,201201950#1,213342.76,451641.085,213032.07,452458.87,18
336,11,3,Human,128361109#1,386687235,211442.47,452097.55,213478.36,452435.42,15
337,16,9,Human,-32978638#0,201238729#3,213640.75,451987.935,211438.31,452110.43,17
338,16,10,Human,-32978638#0,306240162#0,213640.75,451987.935,211642.94,452890.83,13
339,1,1,Human,10425609#0,-128361102#1,213091.635,451303.575,211388.46,451952.25,18
340,17,36,Human,-18809673#6,40888354#1,211318.32,451074.855,213173.475,452766.685,6
340,11,3,Human,128361109#1,386687235,211442.47,452097.55,213478.36,452435.42,15
342,11,4,Human,128361109#1,399835085#1,211442.47,452097.55,212001.44,453157.175,15
343,1,10,Human,10425609#0,306240162#0,213091.635,451303.575,211642.94,452890.83,13
346,1,1,Human,10425609#0,-128361102#1,213091.635,451303.575,211388.46,451952.25,18
347,11,3,Human,128361109#1,386687235,211442.47,452097.55,213478.36,452435.42,15
347,0,2,Human,315358244,32978638#0,212975.4675,453432.9725,213633.66,451984.92,4
348,13,37,Human,-447569998#1,40888356#0,213434.54,453008.69,212383.985,452326.845,9
351,11,3,Human,128361109#1,386687235,211442.47,452097.55,213478.36,452435.42,15
351,4,3,Human,-306240162#1,386687235,211638.505,452888.985,213478.36,452435.42,2
353,11,3,Human,128361109#1,386687235,211442.47,452097.55,213478.36,452435.42,15
354,4,20,Human,-306240162#1,272042145,211638.505,452888.985,213478.39,452442.76,16
355,0,2,Human,315358244,32978638#0,212975.4675,453432.9725,213633.66,451984.92,4
356,4,20,Human,-306240162#1,272042145,211638.505,452888.985,213478.39,452442.76,16
357,4,20,Human,-306240162#1,272042145,211638.505,452888.985,213478.39,452442.76,16
359,4,20,Human,-306240162#1,272042145,211638.505,452888.985,213478.39,452442.76,16
362,4,38,Human,-306240162#1,138300620#0,211638.505,452888.985,212419.415,452110.7,2
366,11,3,Human,128361109#1,386687235,211442.47,452097.55,213478.36,452435.42,15
368,4,20,Human,-306240162#1,272042145,211638.505,452888.985,213478.39,452442.76,16
370,35,3,Human,-26677216#0,386687235,212982.09,452766.76,213478.36,452435.42,15
374,11,3,Human,128361109#1,386687235,211442.47,452097.55,213478.36,452435.42,15
375,36,20,Human,286646456#1,272042145,211979.335,452780.735,213478.39,452442.76,18
376,0,39,Human,315358244,-201238718#0,212975.4675,453432.9725,212979.68,452196.755,4
377,16,10,Human,-32978638#0,306240162#0,213640.75,451987.935,211642.94,452890.83,13
378,1,10,Human,10425609#0,306240162#0,213091.635,451303.575,211642.94,452890.83,13
379,11,2,Human,128361109#1,32978638#0,211442.47,452097.55,213633.66,451984.92,19
380,11,40,Human,128361109#1,-22724699#1,211442.47,452097.55,212624.945,452617.335,15
381,8,9,Human,266565295#5,201238729#3,213807.23,452252.93,211438.31,452110.43,11
382,11,3,Human,128361109#1,386687235,211442.47,452097.55,213478.36,452435.42,15
382,1,1,Human,10425609#0,-128361102#1,213091.635,451303.575,211388.46,451952.25,18
383,37,41,Human,201201935#0,-32395288#1,211141.53,451674.18,211731.37,451271.77,18
383,8,9,Human,266565295#5,201238729#3,213807.23,452252.93,211438.31,452110.43,11
384,11,3,Human,128361109#1,386687235,211442.47,452097.55,213478.36,452435.42,15
386,11,3,Human,128361109#1,386687235,211442.47,452097.55,213478.36,452435.42,15
387,11,20,Human,128361109#1,272042145,211442.47,452097.55,213478.39,452442.76,15
389,11,3,Human,128361109#1,386687235,211442.47,452097.55,213478.36,452435.42,15
390,38,10,Human,-24634414#1,306240162#0,213216.13,452283.985,211642.94,452890.83,13
395,4,20,Human,-306240162#1,272042145,211638.505,452888.985,213478.39,452442.76,16
396,16,5,Human,-32978638#0,-266565295#5,213640.75,451987.935,213811.85,452244.51,16
398,4,4,Human,-306240162#1,399835085#1,211638.505,452888.985,212001.44,453157.175,1
399,11,3,Human,128361109#1,386687235,211442.47,452097.55,213478.36,452435.42,15
399,4,20,Human,-306240162#1,272042145,211638.505,452888.985,213478.39,452442.76,16
400,4,20,Human,-306240162#1,272042145,211638.505,452888.985,213478.39,452442.76,16
402,4,20,Human,-306240162#1,272042145,211638.505,452888.985,213478.39,452442.76,16
403,4,20,Human,-306240162#1,272042145,211638.505,452888.985,213478.39,452442.76,16
411,4,20,Human,-306240162#1,272042145,211638.505,452888.985,213478.39,452442.76,16
412,4,5,Human,-306240162#1,-266565295#5,211638.505,452888.985,213811.85,452244.51,16
413,39,9,Human,23166741#2,201238729#3,213173.07,452474.34,211438.31,452110.43,17
413,40,20,Human,-24634510#5,272042145,212430.715,452101.96,213478.39,452442.76,18
414,41,2,Human,201238719#0,32978638#0,211899.24,452235.18,213633.66,451984.92,19
414,4,2,Human,-306240162#1,32978638#0,211638.505,452888.985,213633.66,451984.92,12
418,42,20,Human,24634513#0,272042145,212250.8,452064.83,213478.39,452442.76,18
419,11,3,Human,128361109#1,386687235,211442.47,452097.55,213478.36,452435.42,15
423,4,10,Human,-306240162#1,306240162#0,211638.505,452888.985,211642.94,452890.83,16
423,4,20,Human,-306240162#1,272042145,211638.505,452888.985,213478.39,452442.76,16
424,16,10,Human,-32978638#0,306240162#0,213640.75,451987.935,211642.94,452890.83,13
427,11,3,Human,128361109#1,386687235,211442.47,452097.55,213478.36,452435.42,15
429,43,20,Human,40888360#0,272042145,212744.5,452410.79,213478.39,452442.76,18
429,11,20,Human,128361109#1,272042145,211442.47,452097.55,213478.39,452442.76,15
434,16,10,Human,-32978638#0,306240162#0,213640.75,451987.935,211642.94,452890.83,13
435,0,3,Human,315358244,386687235,212975.4675,453432.9725,213478.36,452435.42,4
438,11,20,Human,128361109#1,272042145,211442.47,452097.55,213478.39,452442.76,15
446,1,1,Human,10425609#0,-128361102#1,213091.635,451303.575,211388.46,451952.25,18
448,1,1,Human,10425609#0,-128361102#1,213091.635,451303.575,211388.46,451952.25,18
450,17,5,Human,-18809673#6,-266565295#5,211318.32,451074.855,213811.85,452244.51,6
450,11,20,Human,128361109#1,272042145,211442.47,452097.55,213478.39,452442.76,15
450,1,42,Human,10425609#0,-218647954,213091.635,451303.575,212214.255,451816.61,18
451,11,4,Human,128361109#1,399835085#1,211442.47,452097.55,212001.44,453157.175,15
452,1,1,Human,10425609#0,-128361102#1,213091.635,451303.575,211388.46,451952.25,18
453,31,2,Human,24634416,32978638#0,213252.9,452163.915,213633.66,451984.92,19
453,11,2,Human,128361109#1,32978638#0,211442.47,452097.55,213633.66,451984.92,19
455,1,1,Human,10425609#0,-128361102#1,213091.635,451303.575,211388.46,451952.25,18
456,4,20,Human,-306240162#1,272042145,211638.505,452888.985,213478.39,452442.76,16
458,4,20,Human,-306240162#1,272042145,211638.505,452888.985,213478.39,452442.76,16
459,4,5,Human,-306240162#1,-266565295#5,211638.505,452888.985,213811.85,452244.51,16
462,44,20,Human,24634510#1,272042145,212663.995,452139.52,213478.39,452442.76,18
462,21,4,Human,24599188#0.94,399835085#1,213342.76,451641.085,212001.44,453157.175,18
464,0,3,Human,315358244,386687235,212975.4675,453432.9725,213478.36,452435.42,4
465,21,43,Human,24599188#0.94,22724699#7,213342.76,451641.085,212272.47,452437.7,18
468,43,2,Human,40888360#0,32978638#0,212744.5,452410.79,213633.66,451984.92,19
474,45,10,Human,-224892361#8,306240162#0,211865.015,452381.815,211642.94,452890.83,13
474,11,4,Human,128361109#1,399835085#1,211442.47,452097.55,212001.44,453157.175,15
481,16,9,Human,-32978638#0,201238729#3,213640.75,451987.935,211438.31,452110.43,17
481,4,5,Human,-306240162#1,-266565295#5,211638.505,452888.985,213811.85,452244.51,16
482,2,2,Human,24608844,32978638#0,213600.045,452309.8,213633.66,451984.92,19
483,16,44,Human,-32978638#0,26677214#3,213640.75,451987.935,212821.455,452899.6,3
484,16,10,Human,-32978638#0,306240162#0,213640.75,451987.935,211642.94,452890.83,13
487,46,3,Human,54169231#1,386687235,212881.24,452796.7,213478.36,452435.42,15
491,1,1,Human,10425609#0,-128361102#1,213091.635,451303.575,211388.46,451952.25,18
495,47,20,Human,315392062#0,272042145,213156.245,451990.345,213478.39,452442.76,18
495,1,1,Human,10425609#0,-128361102#1,213091.635,451303.575,211388.46,451952.25,18
500,1,1,Human,10425609#0,-128361102#1,213091.635,451303.575,211388.46,451952.25,18
500,4,20,Human,-306240162#1,272042145,211638.505,452888.985,213478.39,452442.76,16
504,48,3,Human,53396619#4,386687235,213145.7,452689.745,213478.36,452435.42,15
507,49,3,Human,-201950247#0,386687235,213053.065,452789.84,213478.36,452435.42,15
508,1,1,Human,10425609#0,-128361102#1,213091.635,451303.575,211388.46,451952.25,18
512,21,4,Human,24599188#0.94,399835085#1,213342.76,451641.085,212001.44,453157.175,18
515,50,12,Human,-24634411,447569997#1,212931.69,452439.76,213435.6,452999.15,18
515,22,20,Human,176550249#3,272042145,212398.57,452249.84,213478.39,452442.76,18
516,16,45,Human,-32978638#0,24634414#2,213640.75,451987.935,213241.83,452166.63,3
517,16,10,Human,-32978638#0,306240162#0,213640.75,451987.935,211642.94,452890.83,13
521,7,1,Human,272042143,-128361102#1,213484.675,452457.545,211388.46,451952.25,14
521,16,46,Human,-32978638#0,-160314346#0,213640.75,451987.935,212876.35,452157.925,3
522,7,4,Human,272042143,399835085#1,213484.675,452457.545,212001.44,453157.175,0
524,11,20,Human,128361109#1,272042145,211442.47,452097.55,213478.39,452442.76,15
524,4,5,Human,-306240162#1,-266565295#5,211638.505,452888.985,213811.85,452244.51,16
525,17,5,Human,-18809673#6,-266565295#5,211318.32,451074.855,213811.85,452244.51,6
528,11,47,Human,128361109#1,201201953#10,211442.47,452097.55,211972.52,452232.29,15
529,11,5,Human,128361109#1,-266565295#5,211442.47,452097.55,213811.85,452244.51,7
531,51,20,Human,176550249#4,272042145,212591.23,452310.34,213478.39,452442.76,18
533,4,20,Human,-306240162#1,272042145,211638.505,452888.985,213478.39,452442.76,16
534,4,5,Human,-306240162#1,-266565295#5,211638.505,452888.985,213811.85,452244.51,16
536,4,5,Human,-306240162#1,-266565295#5,211638.505,452888.985,213811.85,452244.51,16
537,11,20,Human,128361109#1,272042145,211442.47,452097.55,213478.39,452442.76,15
541,17,5,Human,-18809673#6,-266565295#5,211318.32,451074.855,213811.85,452244.51,6
546,11,20,Human,128361109#1,272042145,211442.47,452097.55,213478.39,452442.76,15
547,11,20,Human,128361109#1,272042145,211442.47,452097.55,213478.39,452442.76,15
548,17,5,Human,-18809673#6,-266565295#5,211318.32,451074.855,213811.85,452244.51,6
549,11,5,Human,128361109#1,-266565295#5,211442.47,452097.55,213811.85,452244.51,7
551,11,5,Human,128361109#1,-266565295#5,211442.47,452097.55,213811.85,452244.51,7
552,4,5,Human,-306240162#1,-266565295#5,211638.505,452888.985,213811.85,452244.51,16
555,52,20,Human,-24634505,272042145,212842.27,452191.025,213478.39,452442.76,18
562,0,2,Human,315358244,32978638#0,212975.4675,453432.9725,213633.66,451984.92,4
563,0,3,Human,315358244,386687235,212975.4675,453432.9725,213478.36,452435.42,4
564,0,3,Human,315358244,386687235,212975.4675,453432.9725,213478.36,452435.42,4
565,0,2,Human,315358244,32978638#0,212975.4675,453432.9725,213633.66,451984.92,4
572,0,3,Human,315358244,386687235,212975.4675,453432.9725,213478.36,452435.42,4
573,11,20,Human,128361109#1,272042145,211442.47,452097.55,213478.39,452442.76,15
578,8,48,Human,266565295#5,28111977#9,213807.23,452252.93,212473.195,451372.475,11
579,36,16,Human,286646456#1,30482615#1,211979.335,452780.735,212028.14,450765.2,18
588,39,9,Human,23166741#2,201238729#3,213173.07,452474.34,211438.31,452110.43,17
593,8,49,Human,266565295#5,-25145011#0,213807.23,452252.93,212799.735,451424.525,11
593,4,50,Human,-306240162#1,-170018165#0,211638.505,452888.985,211856.56,452362.91,2
599,4,5,Human,-306240162#1,-266565295#5,211638.505,452888.985,213811.85,452244.51,16
600,17,5,Human,-18809673#6,-266565295#5,211318.32,451074.855,213811.85,452244.51,6
603,16,10,Human,-32978638#0,306240162#0,213640.75,451987.935,211642.94,452890.83,13
606,16,5,Human,-32978638#0,-266565295#5,213640.75,451987.935,213811.85,452244.51,16
607,7,10,Human,272042143,306240162#0,213484.675,452457.545,211642.94,452890.83,10
610,7,9,Human,272042143,201238729#3,213484.675,452457.545,211438.31,452110.43,17
611,7,10,Human,272042143,306240162#0,213484.675,452457.545,211642.94,452890.83,10
613,7,9,Human,272042143,201238729#3,213484.675,452457.545,211438.31,452110.43,17
614,7,10,Human,272042143,306240162#0,213484.675,452457.545,211642.94,452890.83,10
615,0,51,Human,315358244,23166741#5,212975.4675,453432.9725,212848.59,452448.23,4
616,7,10,Human,272042143,306240162#0,213484.675,452457.545,211642.94,452890.83,10
616,53,52,Human,176550249#1,4942376,212068.5,452219.52,213618.63,452666.15,18
618,7,9,Human,272042143,201238729#3,213484.675,452457.545,211438.31,452110.43,17
622,54,1,Human,28111977#8,-128361102#1,212286.395,451412.07,211388.46,451952.25,18
634,11,20,Human,128361109#1,272042145,211442.47,452097.55,213478.39,452442.76,15
637,11,4,Human,128361109#1,399835085#1,211442.47,452097.55,212001.44,453157.175,15
645,55,20,Human,-201950263#6,272042145,212746.61,453184.57,213478.39,452442.76,18
645,17,5,Human,-18809673#6,-266565295#5,211318.32,451074.855,213811.85,452244.51,6
652,56,10,Human,-24634413#0,306240162#0,213125.165,452252.9250000001,211642.94,452890.83,13
653,57,15,Human,176550249#0,-24634506#2,211922.89,452213.87,212923.875,452069.915,18
667,0,53,Human,315358244,24634506#2,212975.4675,453432.9725,212853.915,452054.905,4
667,7,10,Human,272042143,306240162#0,213484.675,452457.545,211642.94,452890.83,10
670,0,2,Human,315358244,32978638#0,212975.4675,453432.9725,213633.66,451984.92,4
673,24,54,Human,-160314345#5,31860333#1,213480.015,452304.825,211840.025,451531.305,18
674,58,3,Human,129379925,386687235,213253.03,452942.47,213478.36,452435.42,4
675,7,10,Human,272042143,306240162#0,213484.675,452457.545,211642.94,452890.83,10
676,4,40,Human,-306240162#1,-22724699#1,211638.505,452888.985,212624.945,452617.335,1
676,8,10,Human,266565295#5,306240162#0,213807.23,452252.93,211642.94,452890.83,13
676,7,10,Human,272042143,306240162#0,213484.675,452457.545,211642.94,452890.83,10
678,7,9,Human,272042143,201238729#3,213484.675,452457.545,211438.31,452110.43,17
679,0,3,Human,315358244,386687235,212975.4675,453432.9725,213478.36,452435.42,4
680,7,55,Human,272042143,176550249#4,213484.675,452457.545,212840.87,452415.74,0
680,13,56,Human,-447569998#1,-315358258,213434.54,453008.69,212144.105,453005.495,9
680,0,3,Human,315358244,386687235,212975.4675,453432.9725,213478.36,452435.42,4
680,0,3,Human,315358244,386687235,212975.4675,453432.9725,213478.36,452435.42,4
681,8,10,Human,266565295#5,306240162#0,213807.23,452252.93,211642.94,452890.83,13
682,1,57,Human,10425609#0,26642363,213091.635,451303.575,212094.025,451366.13,18
684,7,10,Human,272042143,306240162#0,213484.675,452457.545,211642.94,452890.83,10
686,59,10,Human,-28319300#2,306240162#0,212244.0,452558.485,211642.94,452890.83,13
686,7,10,Human,272042143,306240162#0,213484.675,452457.545,211642.94,452890.83,10
686,17,5,Human,-18809673#6,-266565295#5,211318.32,451074.855,213811.85,452244.51,6
688,7,4,Human,272042143,399835085#1,213484.675,452457.545,212001.44,453157.175,0
691,7,9,Human,272042143,201238729#3,213484.675,452457.545,211438.31,452110.43,17
692,7,58,Human,272042143,224892361#3,213484.675,452457.545,212001.02,452447.47,10
693,47,2,Human,315392062#0,32978638#0,213156.245,451990.345,213633.66,451984.92,19
694,60,5,Human,-22716549#6,-266565295#5,212918.94,451755.98,213811.85,452244.51,16
694,7,10,Human,272042143,306240162#0,213484.675,452457.545,211642.94,452890.83,10
695,22,9,Human,176550249#3,201238729#3,212398.57,452249.84,211438.31,452110.43,17
696,7,9,Human,272042143,201238729#3,213484.675,452457.545,211438.31,452110.43,17
697,7,9,Human,272042143,201238729#3,213484.675,452457.545,211438.31,452110.43,17
699,7,9,Human,272042143,201238729#3,213484.675,452457.545,211438.31,452110.43,17
706,0,3,Human,315358244,386687235,212975.4675,453432.9725,213478.36,452435.42,4
707,7,9,Human,272042143,201238729#3,213484.675,452457.545,211438.31,452110.43,17
710,7,10,Human,272042143,306240162#0,213484.675,452457.545,211642.94,452890.83,10
711,7,10,Human,272042143,306240162#0,213484.675,452457.545,211642.94,452890.83,10
714,17,5,Human,-18809673#6,-266565295#5,211318.32,451074.855,213811.85,452244.51,6
715,61,2,Human,-201089423#1,32978638#0,213198.16,451813.82,213633.66,451984.92,19
721,62,2,Human,-25117391#2,32978638#0,212476.77,453007.31,213633.66,451984.92,19
726,11,3,Human,128361109#1,386687235,211442.47,452097.55,213478.36,452435.42,15
726,63,5,Human,-201201945#0,-266565295#5,212746.915,452548.92,213811.85,452244.51,16
729,64,1,Human,-136728347#4,-128361102#1,212422.34,451683.04,211388.46,451952.25,18
729,0,59,Human,315358244,-160314345#0,212975.4675,453432.9725,213000.09,452198.56,4
732,11,3,Human,128361109#1,386687235,211442.47,452097.55,213478.36,452435.42,15
733,65,2,Human,315358242#1,32978638#0,213322.54,452739.58,213633.66,451984.92,19
736,66,1,Human,22879845,-128361102#1,212676.79,452005.16,211388.46,451952.25,18
738,16,12,Human,-32978638#0,447569997#1,213640.75,451987.935,213435.6,452999.15,3
741,4,5,Human,-306240162#1,-266565295#5,211638.505,452888.985,213811.85,452244.51,16
746,67,5,Human,-25117391#1,-266565295#5,212389.605,452950.36,213811.85,452244.51,16
751,68,2,Human,24634411,32978638#0,213043.62,452220.67,213633.66,451984.92,19
752,69,12,Human,-315358242#0,447569997#1,213331.78,452742.19,213435.6,452999.15,18
752,70,3,Human,-22724699#11,386687235,212272.6,452431.9,213478.36,452435.42,4
752,16,5,Human,-32978638#0,-266565295#5,213640.75,451987.935,213811.85,452244.51,16
761,32,5,Human,-24634509#7,-266565295#5,212847.145,452042.39,213811.85,452244.51,16
767,17,5,Human,-18809673#6,-266565295#5,211318.32,451074.855,213811.85,452244.51,6
769,7,4,Human,272042143,399835085#1,213484.675,452457.545,212001.44,453157.175,0
770,7,9,Human,272042143,201238729#3,213484.675,452457.545,211438.31,452110.43,17
772,7,4,Human,272042143,399835085#1,213484.675,452457.545,212001.44,453157.175,0
774,7,9,Human,272042143,201238729#3,213484.675,452457.545,211438.31,452110.43,17
775,0,5,Human,315358244,-266565295#5,212975.4675,453432.9725,213811.85,452244.51,4
775,4,4,Human,-306240162#1,399835085#1,211638.505,452888.985,212001.44,453157.175,1
775,7,4,Human,272042143,399835085#1,213484.675,452457.545,212001.44,453157.175,0
776,0,2,Human,315358244,32978638#0,212975.4675,453432.9725,213633.66,451984.92,4
777,7,10,Human,272042143,306240162#0,213484.675,452457.545,211642.94,452890.83,10
778,0,3,Human,315358244,386687235,212975.4675,453432.9725,213478.36,452435.42,4
779,7,9,Human,272042143,201238729#3,213484.675,452457.545,211438.31,452110.43,17
779,11,60,Human,128361109#1,26677214#4,211442.47,452097.55,212875.915,452947.99,15
780,0,5,Human,315358244,-266565295#5,212975.4675,453432.9725,213811.85,452244.51,4
780,7,9,Human,272042143,201238729#3,213484.675,452457.545,211438.31,452110.43,17
780,1,10,Human,10425609#0,306240162#0,213091.635,451303.575,211642.94,452890.83,13
782,1,4,Human,10425609#0,399835085#1,213091.635,451303.575,212001.44,453157.175,18
782,7,4,Human,272042143,399835085#1,213484.675,452457.545,212001.44,453157.175,0
783,4,4,Human,-306240162#1,399835085#1,211638.505,452888.985,212001.44,453157.175,1
784,7,10,Human,272042143,306240162#0,213484.675,452457.545,211642.94,452890.83,10
786,7,4,Human,272042143,399835085#1,213484.675,452457.545,212001.44,453157.175,0
787,0,23,Human,315358244,26677541,212975.4675,453432.9725,213017.6,453046.28,4
788,7,10,Human,272042143,306240162#0,213484.675,452457.545,211642.94,452890.83,10
789,11,3,Human,128361109#1,386687235,211442.47,452097.55,213478.36,452435.42,15
794,0,2,Human,315358244,32978638#0,212975.4675,453432.9725,213633.66,451984.92,4
794,0,5,Human,315358244,-266565295#5,212975.4675,453432.9725,213811.85,452244.51,4
794,11,3,Human,128361109#1,386687235,211442.47,452097.55,213478.36,452435.42,15
796,0,5,Human,315358244,-266565295#5,212975.4675,453432.9725,213811.85,452244.51,4
797,0,3,Human,315358244,386687235,212975.4675,453432.9725,213478.36,452435.42,4
798,8,16,Human,266565295#5,30482615#1,213807.23,452252.93,212028.14,450765.2,13
801,0,5,Human,315358244,-266565295#5,212975.4675,453432.9725,213811.85,452244.51,4
802,0,5,Human,315358244,-266565295#5,212975.4675,453432.9725,213811.85,452244.51,4
803,0,5,Human,315358244,-266565295#5,212975.4675,453432.9725,213811.85,452244.51,4
803,1,1,Human,10425609#0,-128361102#1,213091.635,451303.575,211388.46,451952.25,18
804,0,5,Human,315358244,-266565295#5,212975.4675,453432.9725,213811.85,452244.51,4
805,0,3,Human,315358244,386687235,212975.4675,453432.9725,213478.36,452435.42,4
807,0,5,Human,315358244,-266565295#5,212975.4675,453432.9725,213811.85,452244.51,4
807,0,5,Human,315358244,-266565295#5,212975.4675,453432.9725,213811.85,452244.51,4
811,0,2,Human,315358244,32978638#0,212975.4675,453432.9725,213633.66,451984.92,4
814,1,10,Human,10425609#0,306240162#0,213091.635,451303.575,211642.94,452890.83,18
815,1,1,Human,10425609#0,-128361102#1,213091.635,451303.575,211388.46,451952.25,18
816,17,5,Human,-18809673#6,-266565295#5,211318.32,451074.855,213811.85,452244.51,6
816,71,2,Human,26677214#0,32978638#0,212677.685,452793.015,213633.66,451984.92,19
817,1,1,Human,10425609#0,-128361102#1,213091.635,451303.575,211388.46,451952.25,18
818,17,5,Human,-18809673#6,-266565295#5,211318.32,451074.855,213811.85,452244.51,6
818,0,2,Human,315358244,32978638#0,212975.4675,453432.9725,213633.66,451984.92,4
820,4,20,Human,-306240162#1,272042145,211638.505,452888.985,213478.39,452442.76,1
822,1,10,Human,10425609#0,306240162#0,213091.635,451303.575,211642.94,452890.83,18
822,0,61,Human,315358244,-26677416#1,212975.4675,453432.9725,212897.9,453206.545,4
824,0,62,Human,315358244,28319300#0,212975.4675,453432.9725,212238.2,452558.545,4
832,72,20,Human,-26677213#5,272042145,212672.43,452783.095,213478.39,452442.76,18
833,73,2,Human,-315392062#4,32978638#0,212998.0,452182.605,213633.66,451984.92,19
840,8,63,Human,266565295#5,-25187893,213807.23,452252.93,212354.7,451490.445,11
851,17,5,Human,-18809673#6,-266565295#5,211318.32,451074.855,213811.85,452244.51,6
851,64,64,Human,-136728347#4,201238726#0,212422.34,451683.04,211894.69,452184.14,18
852,4,20,Human,-306240162#1,272042145,211638.505,452888.985,213478.39,452442.76,1
853,4,4,Human,-306240162#1,399835085#1,211638.505,452888.985,212001.44,453157.175,1
856,8,65,Human,266565295#5,24634411,213807.23,452252.93,212936.765,452442.57,11
859,4,3,Human,-306240162#1,386687235,211638.505,452888.985,213478.36,452435.42,2
860,1,1,Human,10425609#0,-128361102#1,213091.635,451303.575,211388.46,451952.25,18
861,17,5,Human,-18809673#6,-266565295#5,211318.32,451074.855,213811.85,452244.51,6
861,13,39,Human,-447569998#1,-201238718#0,213434.54,453008.69,212979.68,452196.755,9
861,7,9,Human,272042143,201238729#3,213484.675,452457.545,211438.31,452110.43,17
862,74,10,Human,315358242#3,306240162#0,213356.08,452597.9,211642.94,452890.83,13
862,1,10,Human,10425609#0,306240162#0,213091.635,451303.575,211642.94,452890.83,18
864,1,10,Human,10425609#0,306240162#0,213091.635,451303.575,211642.94,452890.83,18
866,1,1,Human,10425609#0,-128361102#1,213091.635,451303.575,211388.46,451952.25,18
869,75,1,Human,23436553#4,-128361102#1,212601.805,451987.845,211388.46,451952.25,18
870,7,1,Human,272042143,-128361102#1,213484.675,452457.545,211388.46,451952.25,14
870,1,1,Human,10425609#0,-128361102#1,213091.635,451303.575,211388.46,451952.25,18
873,7,66,Human,272042143,-32395361#1,213484.675,452457.545,211670.04,451399.06,14
874,21,39,Human,24599188#0.94,-201238718#0,213342.76,451641.085,212979.68,452196.755,18
875,4,2,Human,-306240162#1,32978638#0,211638.505,452888.985,213633.66,451984.92,12
876,1,1,Human,10425609#0,-128361102#1,213091.635,451303.575,211388.46,451952.25,18
877,4,4,Human,-306240162#1,399835085#1,211638.505,452888.985,212001.44,453157.175,1
878,4,12,Human,-306240162#1,447569997#1,211638.505,452888.985,213435.6,452999.15,2
884,67,67,Human,-25117391#1,201950250#1,212389.605,452950.36,212997.22,452913.48,18
887,17,5,Human,-18809673#6,-266565295#5,211318.32,451074.855,213811.85,452244.51,6
887,1,10,Human,10425609#0,306240162#0,213091.635,451303.575,211642.94,452890.83,18
889,8,68,Human,266565295#5,-25145012#3,213807.23,452252.93,212552.91,451517.94,11
890,1,10,Human,10425609#0,306240162#0,213091.635,451303.575,211642.94,452890.83,18
892,1,1,Human,10425609#0,-128361102#1,213091.635,451303.575,211388.46,451952.25,18
894,8,0,Human,266565295#5,-25149001#4,213807.23,452252.93,212672.595,451274.97,13
894,1,1,Human,10425609#0,-128361102#1,213091.635,451303.575,211388.46,451952.25,18
895,0,4,Human,315358244,399835085#1,212975.4675,453432.9725,212001.44,453157.175,4
895,11,69,Human,128361109#1,-26677213#5,211442.47,452097.55,212777.64,452605.79,8
896,8,70,Human,266565295#5,22716549#0,213807.23,452252.93,212919.265,451761.77,11
896,1,1,Human,10425609#0,-128361102#1,213091.635,451303.575,211388.46,451952.25,18
897,0,5,Human,315358244,-266565295#5,212975.4675,453432.9725,213811.85,452244.51,4
898,4,5,Human,-306240162#1,-266565295#5,211638.505,452888.985,213811.85,452244.51,16
898,0,5,Human,315358244,-266565295#5,212975.4675,453432.9725,213811.85,452244.51,7
899,76,20,Human,26676668,272042145,212584.63,452735.295,213478.39,452442.76,18
899,1,1,Human,10425609#0,-128361102#1,213091.635,451303.575,211388.46,451952.25,18
900,4,5,Human,-306240162#1,-266565295#5,211638.505,452888.985,213811.85,452244.51,16
901,77,10,Human,-40888356#6,306240162#0,212389.775,452327.155,211642.94,452890.83,13
901,0,52,Human,315358244,4942376,212975.4675,453432.9725,213618.63,452666.15,4
902,0,12,Human,315358244,447569997#1,212975.4675,453432.9725,213435.6,452999.15,4
903,0,5,Human,315358244,-266565295#5,212975.4675,453432.9725,213811.85,452244.51,7
904,0,2,Human,315358244,32978638#0,212975.4675,453432.9725,213633.66,451984.92,19
905,0,2,Human,315358244,32978638#0,212975.4675,453432.9725,213633.66,451984.92,19
905,4,5,Human,-306240162#1,-266565295#5,211638.505,452888.985,213811.85,452244.51,16
907,4,5,Human,-306240162#1,-266565295#5,211638.505,452888.985,213811.85,452244.51,16
907,0,2,Human,315358244,32978638#0,212975.4675,453432.9725,213633.66,451984.92,19
908,4,5,Human,-306240162#1,-266565295#5,211638.505,452888.985,213811.85,452244.51,16
911,0,5,Human,315358244,-266565295#5,212975.4675,453432.9725,213811.85,452244.51,7
911,0,3,Human,315358244,386687235,212975.4675,453432.9725,213478.36,452435.42,4
912,1,10,Human,10425609#0,306240162#0,213091.635,451303.575,211642.94,452890.83,18
913,0,5,Human,315358244,-266565295#5,212975.4675,453432.9725,213811.85,452244.51,7
918,1,1,Human,10425609#0,-128361102#1,213091.635,451303.575,211388.46,451952.25,18
920,0,5,Human,315358244,-266565295#5,212975.4675,453432.9725,213811.85,452244.51,7
921,16,71,Human,-32978638#0,-315358252#1,213640.75,451987.935,213186.12,453103.96,3
922,0,3,Human,315358244,386687235,212975.4675,453432.9725,213478.36,452435.42,4
923,0,5,Human,315358244,-266565295#5,212975.4675,453432.9725,213811.85,452244.51,7
923,0,72,Human,315358244,-24634413#2,212975.4675,453432.9725,213144.44,452196.78,4
925,0,12,Human,315358244,447569997#1,212975.4675,453432.9725,213435.6,452999.15,4
930,0,5,Human,315358244,-266565295#5,212975.4675,453432.9725,213811.85,452244.51,7
931,78,5,Human,-201238718#1,-266565295#5,212852.67,452408.09,213811.85,452244.51,7
931,24,10,Human,-160314345#5,306240162#0,213480.015,452304.825,211642.94,452890.83,13
932,0,3,Human,315358244,386687235,212975.4675,453432.9725,213478.36,452435.42,4
938,1,73,Human,10425609#0,-393420106#1,213091.635,451303.575,211142.79,451679.84,18
942,79,1,Human,24634517#6,-128361102#1,212099.46500000003,451862.045,211388.46,451952.25,18
942,80,3,Human,-24634506#0,386687235,212954.28,452081.205,213478.36,452435.42,2
944,81,2,Human,25117391#2,32978638#0,212393.02,452945.665,213633.66,451984.92,19
948,1,1,Human,10425609#0,-128361102#1,213091.635,451303.575,211388.46,451952.25,18
953,1,74,Human,10425609#0,-24634521#1,213091.635,451303.575,212210.35,451806.3000000001,18
955,1,10,Human,10425609#0,306240162#0,213091.635,451303.575,211642.94,452890.83,18
957,1,10,Human,10425609#0,306240162#0,213091.635,451303.575,211642.94,452890.83,18
957,4,5,Human,-306240162#1,-266565295#5,211638.505,452888.985,213811.85,452244.51,16
959,1,75,Human,10425609#0,-201963533#1.145,213091.635,451303.575,211777.3825,451794.985,18
964,1,1,Human,10425609#0,-128361102#1,213091.635,451303.575,211388.46,451952.25,18
966,1,1,Human,10425609#0,-128361102#1,213091.635,451303.575,211388.46,451952.25,18
968,1,1,Human,10425609#0,-128361102#1,213091.635,451303.575,211388.46,451952.25,18
969,4,5,Human,-306240162#1,-266565295#5,211638.505,452888.985,213811.85,452244.51,16
970,1,1,Human,10425609#0,-128361102#1,213091.635,451303.575,211388.46,451952.25,18
973,11,3,Human,128361109#1,386687235,211442.47,452097.55,213478.36,452435.42,8
973,1,1,Human,10425609#0,-128361102#1,213091.635,451303.575,211388.46,451952.25,18
974,0,2,Human,315358244,32978638#0,212975.4675,453432.9725,213633.66,451984.92,19
976,82,1,Human,-10427692#6,-128361102#1,211897.71,451995.49,211388.46,451952.25,18
978,11,3,Human,128361109#1,386687235,211442.47,452097.55,213478.36,452435.42,8
981,55,5,Human,-201950263#6,-266565295#5,212746.61,453184.57,213811.85,452244.51,7
984,4,5,Human,-306240162#1,-266565295#5,211638.505,452888.985,213811.85,452244.51,16
984,11,2,Human,128361109#1,32978638#0,211442.47,452097.55,213633.66,451984.92,19
989,0,3,Human,315358244,386687235,212975.4675,453432.9725,213478.36,452435.42,4
990,11,5,Human,128361109#1,-266565295#5,211442.47,452097.55,213811.85,452244.51,7
994,11,3,Human,128361109#1,386687235,211442.47,452097.55,213478.36,452435.42,8
999,11,4,Human,128361109#1,399835085#1,211442.47,452097.55,212001.44,453157.175,8
1000,1,10,Human,10425609#0,306240162#0,213091.635,451303.575,211642.94,452890.83,18
1000,11,5,Human,128361109#1,-266565295#5,211442.47,452097.55,213811.85,452244.51,7
1002,4,5,Human,-306240162#1,-266565295#5,211638.505,452888.985,213811.85,452244.51,16
1002,11,5,Human,128361109#1,-266565295#5,211442.47,452097.55,213811.85,452244.51,7
1002,1,1,Human,10425609#0,-128361102#1,213091.635,451303.575,211388.46,451952.25,18
1003,83,1,Human,-22690206#1,-128361102#1,212814.505,451804.855,211388.46,451952.25,18
1004,1,10,Human,10425609#0,306240162#0,213091.635,451303.575,211642.94,452890.83,18
1004,11,5,Human,128361109#1,-266565295#5,211442.47,452097.55,213811.85,452244.51,7
1005,11,5,Human,128361109#1,-266565295#5,211442.47,452097.55,213811.85,452244.51,7
1007,11,5,Human,128361109#1,-266565295#5,211442.47,452097.55,213811.85,452244.51,7
1007,0,2,Human,315358244,32978638#0,212975.4675,453432.9725,213633.66,451984.92,19
1009,0,2,Human,315358244,32978638#0,212975.4675,453432.9725,213633.66,451984.92,19
1010,11,55,Human,128361109#1,176550249#4,211442.47,452097.55,212840.87,452415.74,8
1011,0,2,Human,315358244,32978638#0,212975.4675,453432.9725,213633.66,451984.92,19
1014,17,3,Human,-18809673#6,386687235,211318.32,451074.855,213478.36,452435.42,6
1016,4,76,Human,-306240162#1,24634513#0,211638.505,452888.985,212065.12,452213.73,2
1019,84,1,Human,-25145014#4,-128361102#1,212134.31,451555.47,211388.46,451952.25,18
1020,0,77,Human,315358244,-26677216#0,212975.4675,453432.9725,212886.595,452950.915,4
1024,16,5,Human,-32978638#0,-266565295#5,213640.75,451987.935,213811.85,452244.51,7
1029,11,2,Human,128361109#1,32978638#0,211442.47,452097.55,213633.66,451984.92,19
1033,4,52,Human,-306240162#1,4942376,211638.505,452888.985,213618.63,452666.15,2
1039,1,10,Human,10425609#0,306240162#0,213091.635,451303.575,211642.94,452890.83,18
1041,1,10,Human,10425609#0,306240162#0,213091.635,451303.575,211642.94,452890.83,18
1044,1,1,Human,10425609#0,-128361102#1,213091.635,451303.575,211388.46,451952.25,18
1046,1,1,Human,10425609#0,-128361102#1,213091.635,451303.575,211388.46,451952.25,18
1047,4,5,Human,-306240162#1,-266565295#5,211638.505,452888.985,213811.85,452244.51,16
1048,1,10,Human,10425609#0,306240162#0,213091.635,451303.575,211642.94,452890.83,18
1050,8,78,Human,266565295#5,-24693977#1,213807.23,452252.93,213198.2925,451894.01,11
1052,4,5,Human,-306240162#1,-266565295#5,211638.505,452888.985,213811.85,452244.51,16
1054,85,2,Human,-24634510#6,32978638#0,212344.635,452078.985,213633.66,451984.92,19
1055,1,1,Human,10425609#0,-128361102#1,213091.635,451303.575,211388.46,451952.25,18
1055,11,5,Human,128361109#1,-266565295#5,211442.47,452097.55,213811.85,452244.51,7
1056,1,10,Human,10425609#0,306240162#0,213091.635,451303.575,211642.94,452890.83,18
1058,1,1,Human,10425609#0,-128361102#1,213091.635,451303.575,211388.46,451952.25,18
1060,21,79,Human,24599188#0.94,-379510292,213342.76,451641.085,212243.84000000003,452544.085,18
1061,86,3,Human,286646456#0,386687235,211932.815,452760.645,213478.36,452435.42,2
1062,1,10,Human,10425609#0,306240162#0,213091.635,451303.575,211642.94,452890.83,10
1062,21,80,Human,24599188#0.94,-24634507,213342.76,451641.085,212908.115,451814.545,18
1064,1,1,Human,10425609#0,-128361102#1,213091.635,451303.575,211388.46,451952.25,18
1064,7,1,Human,272042143,-128361102#1,213484.675,452457.545,211388.46,451952.25,14
1065,1,81,Human,10425609#0,-201963522#3,213091.635,451303.575,211680.385,451397.68,18
1066,11,5,Human,128361109#1,-266565295#5,211442.47,452097.55,213811.85,452244.51,7
1070,0,3,Human,315358244,386687235,212975.4675,453432.9725,213478.36,452435.42,4
1070,7,1,Human,272042143,-128361102#1,213484.675,452457.545,211388.46,451952.25,14
1071,51,3,Human,176550249#4,386687235,212591.23,452310.34,213478.36,452435.42,2
1075,13,82,Human,-447569998#1,-201950247#3,213434.54,453008.69,213075.93,452708.705,9
1075,17,16,Human,-18809673#6,30482615#1,211318.32,451074.855,212028.14,450765.2,6
1078,4,5,Human,-306240162#1,-266565295#5,211638.505,452888.985,213811.85,452244.51,16
1078,13,4,Human,-447569998#1,399835085#1,213434.54,453008.69,212001.44,453157.175,9
1080,4,5,Human,-306240162#1,-266565295#5,211638.505,452888.985,213811.85,452244.51,16
1081,4,12,Human,-306240162#1,447569997#1,211638.505,452888.985,213435.6,452999.15,2
1084,4,2,Human,-306240162#1,32978638#0,211638.505,452888.985,213633.66,451984.92,12
1085,4,3,Human,-306240162#1,386687235,211638.505,452888.985,213478.36,452435.42,2
1090,87,5,Human,10427692#7,-266565295#5,211903.52,451996.87,213811.85,452244.51,6
1090,17,5,Human,-18809673#6,-266565295#5,211318.32,451074.855,213811.85,452244.51,6
1091,88,5,Human,-25187895#0,-266565295#5,212489.47,451424.665,213811.85,452244.51,6
1092,4,3,Human,-306240162#1,386687235,211638.505,452888.985,213478.36,452435.42,2
1092,11,3,Human,128361109#1,386687235,211442.47,452097.55,213478.36,452435.42,8
1095,11,83,Human,128361109#1,-24634510#5,211442.47,452097.55,212665.02,452133.815,8
1098,11,3,Human,128361109#1,386687235,211442.47,452097.55,213478.36,452435.42,8
1100,11,3,Human,128361109#1,386687235,211442.47,452097.55,213478.36,452435.42,8
1105,1,10,Human,10425609#0,306240162#0,213091.635,451303.575,211642.94,452890.83,10
1107,89,2,Human,-26677539,32978638#0,213010.655,452910.415,213633.66,451984.92,19
1107,1,1,Human,10425609#0,-128361102#1,213091.635,451303.575,211388.46,451952.25,18
1109,90,9,Human,201950247#7,201238729#3,213181.785,452601.375,211438.31,452110.43,5
1110,17,5,Human,-18809673#6,-266565295#5,211318.32,451074.855,213811.85,452244.51,6
1113,16,30,Human,-32978638#0,28319300#3,213640.75,451987.935,212239.235,452458.24,3
1117,91,1,Human,-24634517#16,-128361102#1,212403.545,451894.955,211388.46,451952.25,18
1118,4,3,Human,-306240162#1,386687235,211638.505,452888.985,213478.36,452435.42,2
1119,92,2,Human,201950263#0,32978638#0,212491.85,453010.46,213633.66,451984.92,19
1121,4,3,Human,-306240162#1,386687235,211638.505,452888.985,213478.36,452435.42,2
1123,4,3,Human,-306240162#1,386687235,211638.505,452888.985,213478.36,452435.42,2
1124,0,2,Human,315358244,32978638#0,212975.4675,453432.9725,213633.66,451984.92,19
1124,4,84,Human,-306240162#1,-24634518#0,211638.505,452888.985,212087.02,451869.585,1
1126,4,85,Human,-306240162#1,176550249#3,211638.505,452888.985,212590.95,452310.22,2
1128,0,3,Human,315358244,386687235,212975.4675,453432.9725,213478.36,452435.42,4
1131,17,20,Human,-18809673#6,272042145,211318.32,451074.855,213478.39,452442.76,6
1132,11,3,Human,128361109#1,386687235,211442.47,452097.55,213478.36,452435.42,8
1133,17,86,Human,-18809673#6,201950247#0,211318.32,451074.855,213047.505,452788.19,6
1139,93,2,Human,201201950#3,32978638#0,213058.9,452457.17,213633.66,451984.92,19
1140,4,2,Human,-306240162#1,32978638#0,211638.505,452888.985,213633.66,451984.92,12
1140,27,2,Human,28319300#3,32978638#0,212238.04,452544.145,213633.66,451984.92,19
1140,16,87,Human,-32978638#0,24634413#1,213640.75,451987.935,213138.58,452196.55,3
1144,11,3,Human,128361109#1,386687235,211442.47,452097.55,213478.36,452435.42,8
1152,94,3,Human,128361109#3,386687235,211815.32,452199.18,213478.36,452435.42,3
1152,4,3,Human,-306240162#1,386687235,211638.505,452888.985,213478.36,452435.42,2
1155,4,3,Human,-306240162#1,386687235,211638.505,452888.985,213478.36,452435.42,2
1157,16,9,Human,-32978638#0,201238729#3,213640.75,451987.935,211438.31,452110.43,3
1158,0,12,Human,315358244,447569997#1,212975.4675,453432.9725,213435.6,452999.15,4
1158,4,3,Human,-306240162#1,386687235,211638.505,452888.985,213478.36,452435.42,2
1158,16,9,Human,-32978638#0,201238729#3,213640.75,451987.935,211438.31,452110.43,3
1158,11,3,Human,128361109#1,386687235,211442.47,452097.55,213478.36,452435.42,8
1163,95,1,Human,23525483#7,-128361102#1,212481.115,451820.435,211388.46,451952.25,18
1164,4,88,Human,-306240162#1,28111977#0,211638.505,452888.985,211770.735,451534.43,1
1164,0,3,Human,315358244,386687235,212975.4675,453432.9725,213478.36,452435.42,4
1167,96,3,Human,-18809672#6,386687235,211711.06,451614.59,213478.36,452435.42,3
1167,51,3,Human,176550249#4,386687235,212591.23,452310.34,213478.36,452435.42,3
1173,97,3,Human,-24634417,386687235,213300.02,452296.75,213478.36,452435.42,3
1173,53,9,Human,176550249#1,201238729#3,212068.5,452219.52,211438.31,452110.43,5
1173,4,3,Human,-306240162#1,386687235,211638.505,452888.985,213478.36,452435.42,2
1173,11,4,Human,128361109#1,399835085#1,211442.47,452097.55,212001.44,453157.175,8
1175,11,2,Human,128361109#1,32978638#0,211442.47,452097.55,213633.66,451984.92,19
1176,4,3,Human,-306240162#1,386687235,211638.505,452888.985,213478.36,452435.42,2
1177,4,76,Human,-306240162#1,24634513#0,211638.505,452888.985,212065.12,452213.73,2
1179,11,2,Human,128361109#1,32978638#0,211442.47,452097.55,213633.66,451984.92,19
1182,0,3,Human,315358244,386687235,212975.4675,453432.9725,213478.36,452435.42,4
1192,4,3,Human,-306240162#1,386687235,211638.505,452888.985,213478.36,452435.42,2
1194,11,3,Human,128361109#1,386687235,211442.47,452097.55,213478.36,452435.42,8
1197,17,3,Human,-18809673#6,386687235,211318.32,451074.855,213478.36,452435.42,6
1198,17,3,Human,-18809673#6,386687235,211318.32,451074.855,213478.36,452435.42,6
1202,11,2,Human,128361109#1,32978638#0,211442.47,452097.55,213633.66,451984.92,19
1207,98,9,Human,201201945#3,201238729#3,212623.01,452632.065,211438.31,452110.43,5
1208,64,20,Human,-136728347#4,272042145,212422.34,451683.04,213478.39,452442.76,18
1211,4,3,Human,-306240162#1,386687235,211638.505,452888.985,213478.36,452435.42,2
1212,7,9,Human,272042143,201238729#3,213484.675,452457.545,211438.31,452110.43,5
1212,11,65,Human,128361109#1,24634411,211442.47,452097.55,212936.765,452442.57,8
1214,7,9,Human,272042143,201238729#3,213484.675,452457.545,211438.31,452110.43,5
1215,7,9,Human,272042143,201238729#3,213484.675,452457.545,211438.31,452110.43,5
1217,7,1,Human,272042143,-128361102#1,213484.675,452457.545,211388.46,451952.25,14
1218,7,10,Human,272042143,306240162#0,213484.675,452457.545,211642.94,452890.83,10
1220,7,9,Human,272042143,201238729#3,213484.675,452457.545,211438.31,452110.43,5
1220,4,12,Human,-306240162#1,447569997#1,211638.505,452888.985,213435.6,452999.15,12
1221,6,5,Human,201201953#4,-266565295#5,212565.76,452330.09,213811.85,452244.51,6
1223,7,9,Human,272042143,201238729#3,213484.675,452457.545,211438.31,452110.43,5
1225,7,9,Human,272042143,201238729#3,213484.675,452457.545,211438.31,452110.43,5
1225,8,89,Human,266565295#5,24634511,213807.23,452252.93,212635.315,452274.335,11
1226,7,10,Human,272042143,306240162#0,213484.675,452457.545,211642.94,452890.83,10
1229,4,3,Human,-306240162#1,386687235,211638.505,452888.985,213478.36,452435.42,2
1230,7,9,Human,272042143,201238729#3,213484.675,452457.545,211438.31,452110.43,5
1231,7,90,Human,272042143,40888359,213484.675,452457.545,212454.955,452765.495,0
1232,4,3,Human,-306240162#1,386687235,211638.505,452888.985,213478.36,452435.42,2
1233,7,4,Human,272042143,399835085#1,213484.675,452457.545,212001.44,453157.175,0
1235,7,91,Human,272042143,170018165#2,213484.675,452457.545,211783.77,452556.24,10
1236,4,3,Human,-306240162#1,386687235,211638.505,452888.985,213478.36,452435.42,2
1237,4,3,Human,-306240162#1,386687235,211638.505,452888.985,213478.36,452435.42,2
1239,11,3,Human,128361109#1,386687235,211442.47,452097.55,213478.36,452435.42,8
1241,0,12,Human,315358244,447569997#1,212975.4675,453432.9725,213435.6,452999.15,4
1243,99,10,Human,-22716073,306240162#0,212132.355,451619.995,211642.94,452890.83,10
1243,100,10,Human,25145014#0,306240162#0,212665.71,451616.355,211642.94,452890.83,10
1244,49,3,Human,-201950247#0,386687235,213053.065,452789.84,213478.36,452435.42,3
1244,7,10,Human,272042143,306240162#0,213484.675,452457.545,211642.94,452890.83,10
1244,11,3,Human,128361109#1,386687235,211442.47,452097.55,213478.36,452435.42,8
1244,16,9,Human,-32978638#0,201238729#3,213640.75,451987.935,211438.31,452110.43,3
1245,24,10,Human,-160314345#5,306240162#0,213480.015,452304.825,211642.94,452890.83,10
1245,11,3,Human,128361109#1,386687235,211442.47,452097.55,213478.36,452435.42,8
1246,7,10,Human,272042143,306240162#0,213484.675,452457.545,211642.94,452890.83,10
1247,7,9,Human,272042143,201238729#3,213484.675,452457.545,211438.31,452110.43,5
1250,0,92,Human,315358244,51857516#1,212975.4675,453432.9725,213659.92,452143.84,4
1258,0,2,Human,315358244,32978638#0,212975.4675,453432.9725,213633.66,451984.92,19
1258,0,2,Human,315358244,32978638#0,212975.4675,453432.9725,213633.66,451984.92,19
1259,0,2,Human,315358244,32978638#0,212975.4675,453432.9725,213633.66,451984.92,19
1259,0,93,Human,315358244,32999110#0,212975.4675,453432.9725,213396.5,452050.2025,4
1263,11,2,Human,128361109#1,32978638#0,211442.47,452097.55,213633.66,451984.92,19
1265,4,3,Human,-306240162#1,386687235,211638.505,452888.985,213478.36,452435.42,2
1269,0,3,Human,315358244,386687235,212975.4675,453432.9725,213478.36,452435.42,4
1273,4,3,Human,-306240162#1,386687235,211638.505,452888.985,213478.36,452435.42,2
1275,4,3,Human,-306240162#1,386687235,211638.505,452888.985,213478.36,452435.42,2
1278,0,3,Human,315358244,386687235,212975.4675,453432.9725,213478.36,452435.42,4
1283,11,3,Human,128361109#1,386687235,211442.47,452097.55,213478.36,452435.42,8
1285,11,3,Human,128361109#1,386687235,211442.47,452097.55,213478.36,452435.42,8
1286,4,20,Human,-306240162#1,272042145,211638.505,452888.985,213478.39,452442.76,12
1287,101,22,Human,-24634514#1,-83304175#2,212051.21,452155.1,213340.28,451635.835,18
1290,1,1,Human,10425609#0,-128361102#1,213091.635,451303.575,211388.46,451952.25,18
1291,16,94,Human,-32978638#0,201201953#12,213640.75,451987.935,211921.37,452227.84,3
1294,16,3,Human,-32978638#0,386687235,213640.75,451987.935,213478.36,452435.42,3
1298,4,20,Human,-306240162#1,272042145,211638.505,452888.985,213478.39,452442.76,12
1298,7,4,Human,272042143,399835085#1,213484.675,452457.545,212001.44,453157.175,0
1300,7,77,Human,272042143,-26677216#0,213484.675,452457.545,212886.595,452950.915,0
1301,11,3,Human,128361109#1,386687235,211442.47,452097.55,213478.36,452435.42,8
1303,4,20,Human,-306240162#1,272042145,211638.505,452888.985,213478.39,452442.76,12
1304,7,10,Human,272042143,306240162#0,213484.675,452457.545,211642.94,452890.83,10
1306,7,9,Human,272042143,201238729#3,213484.675,452457.545,211438.31,452110.43,5
1307,16,18,Human,-32978638#0,24634510#6,213640.75,451987.935,212342.785,452084.485,3
1307,7,9,Human,272042143,201238729#3,213484.675,452457.545,211438.31,452110.43,5
1309,11,4,Human,128361109#1,399835085#1,211442.47,452097.55,212001.44,453157.175,8
1309,7,4,Human,272042143,399835085#1,213484.675,452457.545,212001.44,453157.175,0
1310,4,89,Human,-306240162#1,24634511,211638.505,452888.985,212635.315,452274.335,2
1311,64,10,Human,-136728347#4,306240162#0,212422.34,451683.04,211642.94,452890.83,10
1314,8,95,Human,266565295#5,-201201945#0,213807.23,452252.93,212802.24,452494.04,11
1314,11,2,Human,128361109#1,32978638#0,211442.47,452097.55,213633.66,451984.92,19
1315,7,10,Human,272042143,306240162#0,213484.675,452457.545,211642.94,452890.83,10
1316,8,2,Human,266565295#5,32978638#0,213807.23,452252.93,213633.66,451984.92,11
1316,7,10,Human,272042143,306240162#0,213484.675,452457.545,211642.94,452890.83,10
1317,11,2,Human,128361109#1,32978638#0,211442.47,452097.55,213633.66,451984.92,19
1318,7,9,Human,272042143,201238729#3,213484.675,452457.545,211438.31,452110.43,5
1318,11,3,Human,128361109#1,386687235,211442.47,452097.55,213478.36,452435.42,8
1320,8,96,Human,266565295#5,-129379918#1,213807.23,452252.93,213249.65,452974.4,13
1320,7,9,Human,272042143,201238729#3,213484.675,452457.545,211438.31,452110.43,5
1323,11,3,Human,128361109#1,386687235,211442.47,452097.55,213478.36,452435.42,8
1323,7,9,Human,272042143,201238729#3,213484.675,452457.545,211438.31,452110.43,5
1325,17,3,Human,-18809673#6,386687235,211318.32,451074.855,213478.36,452435.42,8
1326,7,9,Human,272042143,201238729#3,213484.675,452457.545,211438.31,452110.43,5
1328,11,3,Human,128361109#1,386687235,211442.47,452097.55,213478.36,452435.42,8
1330,7,10,Human,272042143,306240162#0,213484.675,452457.545,211642.94,452890.83,10
1331,17,5,Human,-18809673#6,-266565295#5,211318.32,451074.855,213811.85,452244.51,6
1332,7,9,Human,272042143,201238729#3,213484.675,452457.545,211438.31,452110.43,5
1335,7,9,Human,272042143,201238729#3,213484.675,452457.545,211438.31,452110.43,5
1336,16,10,Human,-32978638#0,306240162#0,213640.75,451987.935,211642.94,452890.83,3
1337,11,3,Human,128361109#1,386687235,211442.47,452097.55,213478.36,452435.42,8
1337,7,10,Human,272042143,306240162#0,213484.675,452457.545,211642.94,452890.83,10
1338,102,3,Human,26677542#1,386687235,212869.205,453055.665,213478.36,452435.42,8
1338,4,20,Human,-306240162#1,272042145,211638.505,452888.985,213478.39,452442.76,12
1339,7,9,Human,272042143,201238729#3,213484.675,452457.545,211438.31,452110.43,5
1340,7,9,Human,272042143,201238729#3,213484.675,452457.545,211438.31,452110.43,5
1341,4,20,Human,-306240162#1,272042145,211638.505,452888.985,213478.39,452442.76,12
1346,17,5,Human,-18809673#6,-266565295#5,211318.32,451074.855,213811.85,452244.51,6
1348,4,20,Human,-306240162#1,272042145,211638.505,452888.985,213478.39,452442.76,12
1349,73,5,Human,-315392062#4,-266565295#5,212998.0,452182.605,213811.85,452244.51,6
1349,17,5,Human,-18809673#6,-266565295#5,211318.32,451074.855,213811.85,452244.51,6
1354,103,9,Human,-24634510#15,201238729#3,211980.63,452074.88,211438.31,452110.43,11
1355,17,5,Human,-18809673#6,-266565295#5,211318.32,451074.855,213811.85,452244.51,6
1359,17,16,Human,-18809673#6,30482615#1,211318.32,451074.855,212028.14,450765.2,6
1361,0,3,Human,315358244,386687235,212975.4675,453432.9725,213478.36,452435.42,4
1365,104,5,Human,24634414#5,-266565295#5,213262.8,452059.365,213811.85,452244.51,6
1366,10,5,Human,24634507,-266565295#5,212909.515,451808.915,213811.85,452244.51,6
1375,8,10,Human,266565295#5,306240162#0,213807.23,452252.93,211642.94,452890.83,13
1376,4,20,Human,-306240162#1,272042145,211638.505,452888.985,213478.39,452442.76,12
1376,8,9,Human,266565295#5,201238729#3,213807.23,452252.93,211438.31,452110.43,11
1377,16,4,Human,-32978638#0,399835085#1,213640.75,451987.935,212001.44,453157.175,3
1378,8,2,Human,266565295#5,32978638#0,213807.23,452252.93,213633.66,451984.92,11
1379,0,0,Human,315358244,-25149001#4,212975.4675,453432.9725,212672.595,451274.97,4
1380,8,97,Human,266565295#5,-170018165#3,213807.23,452252.93,211801.515,452498.72,11
1380,4,20,Human,-306240162#1,272042145,211638.505,452888.985,213478.39,452442.76,12
1381,8,10,Human,266565295#5,306240162#0,213807.23,452252.93,211642.94,452890.83,13
1381,0,98,Human,315358244,24634510#1,212975.4675,453432.9725,212430.33,452107.745,4
1381,11,20,Human,128361109#1,272042145,211442.47,452097.55,213478.39,452442.76,8
1382,8,9,Human,266565295#5,201238729#3,213807.23,452252.93,211438.31,452110.43,11
1382,8,9,Human,266565295#5,201238729#3,213807.23,452252.93,211438.31,452110.43,11
1383,11,20,Human,128361109#1,272042145,211442.47,452097.55,213478.39,452442.76,8
1385,7,9,Human,272042143,201238729#3,213484.675,452457.545,211438.31,452110.43,5
1385,0,2,Human,315358244,32978638#0,212975.4675,453432.9725,213633.66,451984.92,12
1386,0,2,Human,315358244,32978638#0,212975.4675,453432.9725,213633.66,451984.92,12
1388,11,20,Human,128361109#1,272042145,211442.47,452097.55,213478.39,452442.76,8
1388,0,3,Human,315358244,386687235,212975.4675,453432.9725,213478.36,452435.42,4
1388,7,9,Human,272042143,201238729#3,213484.675,452457.545,211438.31,452110.43,5
1389,4,4,Human,-306240162#1,399835085#1,211638.505,452888.985,212001.44,453157.175,1
1390,0,3,Human,315358244,386687235,212975.4675,453432.9725,213478.36,452435.42,4
1391,7,10,Human,272042143,306240162#0,213484.675,452457.545,211642.94,452890.83,10
1393,4,55,Human,-306240162#1,176550249#4,211638.505,452888.985,212840.87,452415.74,2
1397,7,10,Human,272042143,306240162#0,213484.675,452457.545,211642.94,452890.83,10
1397,8,9,Human,266565295#5,201238729#3,213807.23,452252.93,211438.31,452110.43,11
1398,7,9,Human,272042143,201238729#3,213484.675,452457.545,211438.31,452110.43,5
1401,17,3,Human,-18809673#6,386687235,211318.32,451074.855,213478.36,452435.42,8
1403,8,10,Human,266565295#5,306240162#0,213807.23,452252.93,211642.94,452890.83,13
1403,7,10,Human,272042143,306240162#0,213484.675,452457.545,211642.94,452890.83,10
1404,8,99,Human,266565295#5,-26677542#1,213807.23,452252.93,212872.935,453060.105,13
1404,0,2,Human,315358244,32978638#0,212975.4675,453432.9725,213633.66,451984.92,12
1405,7,10,Human,272042143,306240162#0,213484.675,452457.545,211642.94,452890.83,10
1408,8,9,Human,266565295#5,201238729#3,213807.23,452252.93,211438.31,452110.43,11
1409,7,10,Human,272042143,306240162#0,213484.675,452457.545,211642.94,452890.83,10
1409,105,1,Human,25190140#1,-128361102#1,212564.64,451219.615,211388.46,451952.25,18
1410,7,10,Human,272042143,306240162#0,213484.675,452457.545,211642.94,452890.83,10
1412,106,5,Human,-32124743,-266565295#5,213137.68,451705.44,213811.85,452244.51,6
1412,8,2,Human,266565295#5,32978638#0,213807.23,452252.93,213633.66,451984.92,11
1412,7,9,Human,272042143,201238729#3,213484.675,452457.545,211438.31,452110.43,5
1414,7,9,Human,272042143,201238729#3,213484.675,452457.545,211438.31,452110.43,5
1414,11,20,Human,128361109#1,272042145,211442.47,452097.55,213478.39,452442.76,8
1415,50,9,Human,-24634411,201238729#3,212931.69,452439.76,211438.31,452110.43,11
1415,7,9,Human,272042143,201238729#3,213484.675,452457.545,211438.31,452110.43,5
1416,16,9,Human,-32978638#0,201238729#3,213640.75,451987.935,211438.31,452110.43,11
1417,11,2,Human,128361109#1,32978638#0,211442.47,452097.55,213633.66,451984.92,19
1417,7,10,Human,272042143,306240162#0,213484.675,452457.545,211642.94,452890.83,10
1419,7,9,Human,272042143,201238729#3,213484.675,452457.545,211438.31,452110.43,5
1419,107,20,Human,23166741#5,272042145,213013.61,452486.19,213478.39,452442.76,18
1420,4,20,Human,-306240162#1,272042145,211638.505,452888.985,213478.39,452442.76,12
1421,7,9,Human,272042143,201238729#3,213484.675,452457.545,211438.31,452110.43,5
1421,11,20,Human,128361109#1,272042145,211442.47,452097.55,213478.39,452442.76,8
1422,7,100,Human,272042143,201950247#6,213484.675,452457.545,213171.76,452602.06,0
1424,7,10,Human,272042143,306240162#0,213484.675,452457.545,211642.94,452890.83,10
1425,16,4,Human,-32978638#0,399835085#1,213640.75,451987.935,212001.44,453157.175,3
1426,7,9,Human,272042143,201238729#3,213484.675,452457.545,211438.31,452110.43,5
1426,11,20,Human,128361109#1,272042145,211442.47,452097.55,213478.39,452442.76,8
1428,108,4,Human,25117391#0,399835085#1,212300.41,452881.115,212001.44,453157.175,18
1428,7,9,Human,272042143,201238729#3,213484.675,452457.545,211438.31,452110.43,5
1430,11,20,Human,128361109#1,272042145,211442.47,452097.55,213478.39,452442.76,8
1431,4,20,Human,-306240162#1,272042145,211638.505,452888.985,213478.39,452442.76,12
1431,49,2,Human,-201950247#0,32978638#0,213053.065,452789.84,213633.66,451984.92,12
1434,4,20,Human,-306240162#1,272042145,211638.505,452888.985,213478.39,452442.76,12
1435,1,10,Human,10425609#0,306240162#0,213091.635,451303.575,211642.94,452890.83,10
1436,11,20,Human,128361109#1,272042145,211442.47,452097.55,213478.39,452442.76,8
1436,1,1,Human,10425609#0,-128361102#1,213091.635,451303.575,211388.46,451952.25,18
1437,11,20,Human,128361109#1,272042145,211442.47,452097.55,213478.39,452442.76,8
1442,17,5,Human,-18809673#6,-266565295#5,211318.32,451074.855,213811.85,452244.51,6
1442,11,2,Human,128361109#1,32978638#0,211442.47,452097.55,213633.66,451984.92,19
1444,11,20,Human,128361109#1,272042145,211442.47,452097.55,213478.39,452442.76,8
1444,1,1,Human,10425609#0,-128361102#1,213091.635,451303.575,211388.46,451952.25,18
1446,1,1,Human,10425609#0,-128361102#1,213091.635,451303.575,211388.46,451952.25,18
1447,11,20,Human,128361109#1,272042145,211442.47,452097.55,213478.39,452442.76,8
1450,11,20,Human,128361109#1,272042145,211442.47,452097.55,213478.39,452442.76,8
1453,11,2,Human,128361109#1,32978638#0,211442.47,452097.55,213633.66,451984.92,19
1454,4,20,Human,-306240162#1,272042145,211638.505,452888.985,213478.39,452442.76,12
1455,4,20,Human,-306240162#1,272042145,211638.505,452888.985,213478.39,452442.76,12
1456,11,20,Human,128361109#1,272042145,211442.47,452097.55,213478.39,452442.76,8
1457,4,20,Human,-306240162#1,272042145,211638.505,452888.985,213478.39,452442.76,12
1458,11,4,Human,128361109#1,399835085#1,211442.47,452097.55,212001.44,453157.175,8
1463,1,10,Human,10425609#0,306240162#0,213091.635,451303.575,211642.94,452890.83,10
1464,8,9,Human,266565295#5,201238729#3,213807.23,452252.93,211438.31,452110.43,11
1465,11,20,Human,128361109#1,272042145,211442.47,452097.55,213478.39,452442.76,8
1466,8,10,Human,266565295#5,306240162#0,213807.23,452252.93,211642.94,452890.83,13
1467,8,10,Human,266565295#5,306240162#0,213807.23,452252.93,211642.94,452890.83,13
1468,8,10,Human,266565295#5,306240162#0,213807.23,452252.93,211642.94,452890.83,13
1469,11,20,Human,128361109#1,272042145,211442.47,452097.55,213478.39,452442.76,8
1470,8,9,Human,266565295#5,201238729#3,213807.23,452252.93,211438.31,452110.43,11
1470,11,20,Human,128361109#1,272042145,211442.47,452097.55,213478.39,452442.76,8
1470,1,1,Human,10425609#0,-128361102#1,213091.635,451303.575,211388.46,451952.25,18
1473,19,3,Human,-26677542#0,386687235,212861.46,453069.875,213478.36,452435.42,8
1474,0,3,Human,315358244,386687235,212975.4675,453432.9725,213478.36,452435.42,4
1475,0,2,Human,315358244,32978638#0,212975.4675,453432.9725,213633.66,451984.92,12
1476,1,1,Human,10425609#0,-128361102#1,213091.635,451303.575,211388.46,451952.25,18
1478,0,2,Human,315358244,32978638#0,212975.4675,453432.9725,213633.66,451984.92,12
1480,0,3,Human,315358244,386687235,212975.4675,453432.9725,213478.36,452435.42,4
1481,49,9,Human,-201950247#0,201238729#3,213053.065,452789.84,211438.31,452110.43,11
1482,109,20,Human,-224892339#3,272042145,212059.575,452797.085,213478.39,452442.76,18
1487,8,9,Human,266565295#5,201238729#3,213807.23,452252.93,211438.31,452110.43,11
1487,7,10,Human,272042143,306240162#0,213484.675,452457.545,211642.94,452890.83,10
1488,0,101,Human,315358244,-201238718#1,212975.4675,453432.9725,212868.26,452367.03,4
1489,32,2,Human,-24634509#7,32978638#0,212847.145,452042.39,213633.66,451984.92,12
1490,0,2,Human,315358244,32978638#0,212975.4675,453432.9725,213633.66,451984.92,12
1491,7,10,Human,272042143,306240162#0,213484.675,452457.545,211642.94,452890.83,10
1492,0,102,Human,315358244,53396619#3,212975.4675,453432.9725,213145.99,452689.835,4
1492,0,2,Human,315358244,32978638#0,212975.4675,453432.9725,213633.66,451984.92,12
1496,1,1,Human,10425609#0,-128361102#1,213091.635,451303.575,211388.46,451952.25,18
1497,0,12,Human,315358244,447569997#1,212975.4675,453432.9725,213435.6,452999.15,4
1498,8,9,Human,266565295#5,201238729#3,213807.23,452252.93,211438.31,452110.43,11
1500,110,10,Human,-233675413#0,306240162#0,212476.12,451690.46,211642.94,452890.83,10
1501,7,10,Human,272042143,306240162#0,213484.675,452457.545,211642.94,452890.83,10
1501,17,5,Human,-18809673#6,-266565295#5,211318.32,451074.855,213811.85,452244.51,6
1503,7,10,Human,272042143,306240162#0,213484.675,452457.545,211642.94,452890.83,10
1503,16,10,Human,-32978638#0,306240162#0,213640.75,451987.935,211642.94,452890.83,3
1505,17,5,Human,-18809673#6,-266565295#5,211318.32,451074.855,213811.85,452244.51,6
1506,17,5,Human,-18809673#6,-266565295#5,211318.32,451074.855,213811.85,452244.51,6
1517,11,20,Human,128361109#1,272042145,211442.47,452097.55,213478.39,452442.76,8
1517,37,81,Human,201201935#0,-201963522#3,211141.53,451674.18,211680.385,451397.68,18
1518,1,1,Human,10425609#0,-128361102#1,213091.635,451303.575,211388.46,451952.25,18
1519,1,10,Human,10425609#0,306240162#0,213091.635,451303.575,211642.94,452890.83,10
1520,4,20,Human,-306240162#1,272042145,211638.505,452888.985,213478.39,452442.76,12
1521,11,20,Human,128361109#1,272042145,211442.47,452097.55,213478.39,452442.76,8
1521,1,10,Human,10425609#0,306240162#0,213091.635,451303.575,211642.94,452890.83,10
1523,11,20,Human,128361109#1,272042145,211442.47,452097.55,213478.39,452442.76,8
1523,1,1,Human,10425609#0,-128361102#1,213091.635,451303.575,211388.46,451952.25,18
1526,11,20,Human,128361109#1,272042145,211442.47,452097.55,213478.39,452442.76,8
1528,11,2,Human,128361109#1,32978638#0,211442.47,452097.55,213633.66,451984.92,19
1531,4,20,Human,-306240162#1,272042145,211638.505,452888.985,213478.39,452442.76,12
1535,4,20,Human,-306240162#1,272042145,211638.505,452888.985,213478.39,452442.76,12
1536,4,3,Human,-306240162#1,386687235,211638.505,452888.985,213478.36,452435.42,2
1538,4,3,Human,-306240162#1,386687235,211638.505,452888.985,213478.36,452435.42,2
1539,11,5,Human,128361109#1,-266565295#5,211442.47,452097.55,213811.85,452244.51,7
1539,4,3,Human,-306240162#1,386687235,211638.505,452888.985,213478.36,452435.42,2
1543,4,3,Human,-306240162#1,386687235,211638.505,452888.985,213478.36,452435.42,2
1545,77,3,Human,-40888356#6,386687235,212389.775,452327.155,213478.36,452435.42,8
1545,17,5,Human,-18809673#6,-266565295#5,211318.32,451074.855,213811.85,452244.51,6
1546,4,3,Human,-306240162#1,386687235,211638.505,452888.985,213478.36,452435.42,2
1548,4,3,Human,-306240162#1,386687235,211638.505,452888.985,213478.36,452435.42,2
1548,1,1,Human,10425609#0,-128361102#1,213091.635,451303.575,211388.46,451952.25,18
1549,24,1,Human,-160314345#5,-128361102#1,213480.015,452304.825,211388.46,451952.25,18
1549,4,2,Human,-306240162#1,32978638#0,211638.505,452888.985,213633.66,451984.92,12
1550,57,20,Human,176550249#0,272042145,211922.89,452213.87,213478.39,452442.76,18
1555,68,10,Human,24634411,306240162#0,213043.62,452220.67,211642.94,452890.83,10
1557,8,10,Human,266565295#5,306240162#0,213807.23,452252.93,211642.94,452890.83,13
1558,111,3,Human,28319300#0,386687235,212350.62,452822.42,213478.36,452435.42,8
1558,4,3,Human,-306240162#1,386687235,211638.505,452888.985,213478.36,452435.42,2
1559,4,2,Human,-306240162#1,32978638#0,211638.505,452888.985,213633.66,451984.92,12
1561,112,10,Human,-201950263#10,306240162#0,212986.375,453340.595,211642.94,452890.83,10
1562,4,3,Human,-306240162#1,386687235,211638.505,452888.985,213478.36,452435.42,2
1563,47,3,Human,315392062#0,386687235,213156.245,451990.345,213478.36,452435.42,8
1564,4,3,Human,-306240162#1,386687235,211638.505,452888.985,213478.36,452435.42,2
1566,4,3,Human,-306240162#1,386687235,211638.505,452888.985,213478.36,452435.42,2
1574,0,2,Human,315358244,32978638#0,212975.4675,453432.9725,213633.66,451984.92,12
1578,1,1,Human,10425609#0,-128361102#1,213091.635,451303.575,211388.46,451952.25,18
1580,1,1,Human,10425609#0,-128361102#1,213091.635,451303.575,211388.46,451952.25,18
1580,13,4,Human,-447569998#1,399835085#1,213434.54,453008.69,212001.44,453157.175,9
1582,4,3,Human,-306240162#1,386687235,211638.505,452888.985,213478.36,452435.42,2
1583,113,10,Human,-24634517#3,306240162#0,212047.175,451832.05,211642.94,452890.83,10
1584,114,3,Human,-201201945#6,386687235,212473.23,452736.995,213478.36,452435.42,8
1585,4,2,Human,-306240162#1,32978638#0,211638.505,452888.985,213633.66,451984.92,12
1586,4,3,Human,-306240162#1,386687235,211638.505,452888.985,213478.36,452435.42,2
1589,42,9,Human,24634513#0,201238729#3,212250.8,452064.83,211438.31,452110.43,11
1589,4,90,Human,-306240162#1,40888359,211638.505,452888.985,212454.955,452765.495,1
1591,115,2,Human,-40888351#2,32978638#0,213197.235,452922.725,213633.66,451984.92,12
1591,0,2,Human,315358244,32978638#0,212975.4675,453432.9725,213633.66,451984.92,12
1591,16,4,Human,-32978638#0,399835085#1,213640.75,451987.935,212001.44,453157.175,3
1592,16,9,Human,-32978638#0,201238729#3,213640.75,451987.935,211438.31,452110.43,11
1594,0,2,Human,315358244,32978638#0,212975.4675,453432.9725,213633.66,451984.92,12
1594,16,9,Human,-32978638#0,201238729#3,213640.75,451987.935,211438.31,452110.43,11
1596,4,3,Human,-306240162#1,386687235,211638.505,452888.985,213478.36,452435.42,2
1596,16,9,Human,-32978638#0,201238729#3,213640.75,451987.935,211438.31,452110.43,11
1599,17,5,Human,-18809673#6,-266565295#5,211318.32,451074.855,213811.85,452244.51,6
1601,16,9,Human,-32978638#0,201238729#3,213640.75,451987.935,211438.31,452110.43,11
1602,16,103,Human,-32978638#0,-201201945#0.78,213640.75,451987.935,212829.9,452448.0,3
1604,116,10,Human,173203413#0,306240162#0,212502.855,452508.195,211642.94,452890.83,10
1604,16,4,Human,-32978638#0,399835085#1,213640.75,451987.935,212001.44,453157.175,3
1604,11,3,Human,128361109#1,386687235,211442.47,452097.55,213478.36,452435.42,8
1606,11,20,Human,128361109#1,272042145,211442.47,452097.55,213478.39,452442.76,8
1607,8,2,Human,266565295#5,32978638#0,213807.23,452252.93,213633.66,451984.92,12
1607,4,3,Human,-306240162#1,386687235,211638.505,452888.985,213478.36,452435.42,2
1608,117,3,Human,32395327#0,386687235,211678.79,451517.33,213478.36,452435.42,8
1608,11,20,Human,128361109#1,272042145,211442.47,452097.55,213478.39,452442.76,8
1609,11,3,Human,128361109#1,386687235,211442.47,452097.55,213478.36,452435.42,8
1611,11,20,Human,128361109#1,272042145,211442.47,452097.55,213478.39,452442.76,8
1613,11,3,Human,128361109#1,386687235,211442.47,452097.55,213478.36,452435.42,8
1614,11,3,Human,128361109#1,386687235,211442.47,452097.55,213478.36,452435.42,8
1615,1,1,Human,10425609#0,-128361102#1,213091.635,451303.575,211388.46,451952.25,18
1616,11,3,Human,128361109#1,386687235,211442.47,452097.55,213478.36,452435.42,8
1616,1,1,Human,10425609#0,-128361102#1,213091.635,451303.575,211388.46,451952.25,18
1618,11,3,Human,128361109#1,386687235,211442.47,452097.55,213478.36,452435.42,8
1618,4,3,Human,-306240162#1,386687235,211638.505,452888.985,213478.36,452435.42,2
1619,11,3,Human,128361109#1,386687235,211442.47,452097.55,213478.36,452435.42,8
1621,1,1,Human,10425609#0,-128361102#1,213091.635,451303.575,211388.46,451952.25,18
1621,0,2,Human,315358244,32978638#0,212975.4675,453432.9725,213633.66,451984.92,12
1621,4,3,Human,-306240162#1,386687235,211638.505,452888.985,213478.36,452435.42,2
1622,118,10,Human,-54169231#0,306240162#0,212886.475,452799.205,211642.94,452890.83,10
1622,0,3,Human,315358244,386687235,212975.4675,453432.9725,213478.36,452435.42,4
1624,119,1,Human,31860333#0,-128361102#1,211972.66,451485.305,211388.46,451952.25,18
1626,0,3,Human,315358244,386687235,212975.4675,453432.9725,213478.36,452435.42,4
1631,1,1,Human,10425609#0,-128361102#1,213091.635,451303.575,211388.46,451952.25,18
1632,4,4,Human,-306240162#1,399835085#1,211638.505,452888.985,212001.44,453157.175,1
1641,98,2,Human,201201945#3,32978638#0,212623.01,452632.065,213633.66,451984.92,12
1642,21,10,Human,24599188#0.94,306240162#0,213342.76,451641.085,211642.94,452890.83,10
1644,21,9,Human,24599188#0.94,201238729#3,213342.76,451641.085,211438.31,452110.43,11
1648,4,104,Human,-306240162#1,24634507,211638.505,452888.985,213104.35,451858.955,12
1649,1,1,Human,10425609#0,-128361102#1,213091.635,451303.575,211388.46,451952.25,18
1650,21,10,Human,24599188#0.94,306240162#0,213342.76,451641.085,211642.94,452890.83,10
1652,21,9,Human,24599188#0.94,201238729#3,213342.76,451641.085,211438.31,452110.43,11
1654,4,2,Human,-306240162#1,32978638#0,211638.505,452888.985,213633.66,451984.92,12
1654,21,10,Human,24599188#0.94,306240162#0,213342.76,451641.085,211642.94,452890.83,10
1654,17,5,Human,-18809673#6,-266565295#5,211318.32,451074.855,213811.85,452244.51,6
1656,21,4,Human,24599188#0.94,399835085#1,213342.76,451641.085,212001.44,453157.175,18
1657,4,3,Human,-306240162#1,386687235,211638.505,452888.985,213478.36,452435.42,2
1662,8,98,Human,266565295#5,24634510#1,213807.23,452252.93,212430.33,452107.745,11
1664,120,3,Human,24634417,386687235,213280.13,452432.555,213478.36,452435.42,8
1665,17,16,Human,-18809673#6,30482615#1,211318.32,451074.855,212028.14,450765.2,6
1667,121,105,Human,218647954,-201950247#5,212214.44,451810.81,213119.515,452635.465,18
1671,11,4,Human,128361109#1,399835085#1,211442.47,452097.55,212001.44,453157.175,8
1673,4,3,Human,-306240162#1,386687235,211638.505,452888.985,213478.36,452435.42,2
1676,53,3,Human,176550249#1,386687235,212068.5,452219.52,213478.36,452435.42,8
1677,4,3,Human,-306240162#1,386687235,211638.505,452888.985,213478.36,452435.42,2
1679,17,5,Human,-18809673#6,-266565295#5,211318.32,451074.855,213811.85,452244.51,6
1681,122,106,Human,-24634513#5,-23436553#2,212062.15,452212.55,212564.35,451810.125,18
1682,0,2,Human,315358244,32978638#0,212975.4675,453432.9725,213633.66,451984.92,12
1682,8,2,Human,266565295#5,32978638#0,213807.23,452252.93,213633.66,451984.92,12
1682,16,71,Human,-32978638#0,-315358252#1,213640.75,451987.935,213186.12,453103.96,3
1684,123,2,Human,201238724,32978638#0,212841.705,452206.43,213633.66,451984.92,12
1684,16,10,Human,-32978638#0,306240162#0,213640.75,451987.935,211642.94,452890.83,3
1688,11,3,Human,128361109#1,386687235,211442.47,452097.55,213478.36,452435.42,8
1689,16,107,Human,-32978638#0,-315358246,213640.75,451987.935,213116.69,453233.9,3
1690,124,10,Human,-170018165#3,306240162#0,211730.955,452669.455,211642.94,452890.83,10
1694,125,3,Human,-201950259#6,386687235,212486.115,453001.065,213478.36,452435.42,8
1694,1,1,Human,10425609#0,-128361102#1,213091.635,451303.575,211388.46,451952.25,18
1695,21,21,Human,24599188#0.94,-201238724,213342.76,451641.085,212836.39,452204.11,18
1697,1,1,Human,10425609#0,-128361102#1,213091.635,451303.575,211388.46,451952.25,18
1699,21,10,Human,24599188#0.94,306240162#0,213342.76,451641.085,211642.94,452890.83,10
1701,21,10,Human,24599188#0.94,306240162#0,213342.76,451641.085,211642.94,452890.83,10
1702,16,10,Human,-32978638#0,306240162#0,213640.75,451987.935,211642.94,452890.83,3
1703,21,9,Human,24599188#0.94,201238729#3,213342.76,451641.085,211438.31,452110.43,11
1709,0,2,Human,315358244,32978638#0,212975.4675,453432.9725,213633.66,451984.92,12
1709,0,3,Human,315358244,386687235,212975.4675,453432.9725,213478.36,452435.42,4
1710,40,9,Human,-24634510#5,201238729#3,212430.715,452101.96,211438.31,452110.43,11
1710,0,2,Human,315358244,32978638#0,212975.4675,453432.9725,213633.66,451984.92,12
1712,126,108,Human,26677214#5,-24634413#0,212886.765,452957.535,213054.91,452451.22,18
1714,45,4,Human,-224892361#8,399835085#1,211865.015,452381.815,212001.44,453157.175,18
1717,123,2,Human,201238724,32978638#0,212841.705,452206.43,213633.66,451984.92,12
1720,1,1,Human,10425609#0,-128361102#1,213091.635,451303.575,211388.46,451952.25,18
1727,127,10,Human,24608845,306240162#0,212836.165,452098.0500000001,211642.94,452890.83,10
1727,4,3,Human,-306240162#1,386687235,211638.505,452888.985,213478.36,452435.42,2
1732,4,3,Human,-306240162#1,386687235,211638.505,452888.985,213478.36,452435.42,2
1740,0,3,Human,315358244,386687235,212975.4675,453432.9725,213478.36,452435.42,4
1743,128,9,Human,24634509#1,201238729#3,212903.0,451817.85,211438.31,452110.43,11
1744,17,5,Human,-18809673#6,-266565295#5,211318.32,451074.855,213811.85,452244.51,6
1745,4,3,Human,-306240162#1,386687235,211638.505,452888.985,213478.36,452435.42,2
1748,4,3,Human,-306240162#1,386687235,211638.505,452888.985,213478.36,452435.42,2
1749,4,3,Human,-306240162#1,386687235,211638.505,452888.985,213478.36,452435.42,2
1753,129,10,Human,-201238718#0,306240162#0,212873.73,452353.9,211642.94,452890.83,10
1753,4,3,Human,-306240162#1,386687235,211638.505,452888.985,213478.36,452435.42,2
1754,4,3,Human,-306240162#1,386687235,211638.505,452888.985,213478.36,452435.42,2
1755,16,5,Human,-32978638#0,-266565295#5,213640.75,451987.935,213811.85,452244.51,3
1756,130,3,Human,18809672#7,386687235,211702.245,451601.75,213478.36,452435.42,8
1757,4,3,Human,-306240162#1,386687235,211638.505,452888.985,213478.36,452435.42,2
1760,17,5,Human,-18809673#6,-266565295#5,211318.32,451074.855,213811.85,452244.51,6
1767,11,4,Human,128361109#1,399835085#1,211442.47,452097.55,212001.44,453157.175,8
1768,11,3,Human,128361109#1,386687235,211442.47,452097.55,213478.36,452435.42,8
1772,16,55,Human,-32978638#0,176550249#4,213640.75,451987.935,212840.87,452415.74,3
1776,16,109,Human,-32978638#0,-315392062#4,213640.75,451987.935,213151.17,451987.545,3
1776,4,20,Human,-306240162#1,272042145,211638.505,452888.985,213478.39,452442.76,12
1777,4,20,Human,-306240162#1,272042145,211638.505,452888.985,213478.39,452442.76,12
1778,11,3,Human,128361109#1,386687235,211442.47,452097.55,213478.36,452435.42,8
1780,11,4,Human,128361109#1,399835085#1,211442.47,452097.55,212001.44,453157.175,8
1786,11,3,Human,128361109#1,386687235,211442.47,452097.55,213478.36,452435.42,8
1790,131,5,Human,25149001#4,-266565295#5,212675.845,451279.77,213811.85,452244.51,6
1790,17,108,Human,-18809673#6,-24634413#0,211318.32,451074.855,213054.91,452451.22,6
1791,13,2,Human,-447569998#1,32978638#0,213434.54,453008.69,213633.66,451984.92,12
1795,0,3,Human,315358244,386687235,212975.4675,453432.9725,213478.36,452435.42,4
1798,43,9,Human,40888360#0,201238729#3,212744.5,452410.79,211438.31,452110.43,11
