id,start_time,origin,destination,kind,origin_real_id,dest_real_id,origin_x,origin_y,dest_x,dest_y,cluster
0,5,0,0,Human,315358244,-25149001#4,212975.4675,453432.9725,212672.595,451274.97,7
1,5,1,1,Human,10425609#0,-128361102#1,213091.635,451303.575,211388.46,451952.25,0
2,11,2,2,Human,24608844,32978638#0,213600.045,452309.8,213633.66,451984.92,12
3,11,0,3,Human,315358244,386687235,212975.4675,453432.9725,213478.36,452435.42,7
4,11,3,3,Human,315358250#0,386687235,213010.6175,453383.065,213478.36,452435.42,7
5,12,4,3,Human,-306240162#1,386687235,211638.505,452888.985,213478.36,452435.42,12
6,13,4,4,Human,-306240162#1,399835085#1,211638.505,452888.985,212001.44,453157.175,12
7,15,4,3,Human,-306240162#1,386687235,211638.505,452888.985,213478.36,452435.42,12
8,17,4,3,Human,-306240162#1,386687235,211638.505,452888.985,213478.36,452435.42,12
9,25,5,2,Human,201201950#1,32978638#0,212938.88,452449.41,213633.66,451984.92,9
10,26,4,3,Human,-306240162#1,386687235,211638.505,452888.985,213478.36,452435.42,12
11,28,4,3,Human,-306240162#1,386687235,211638.505,452888.985,213478.36,452435.42,12
12,30,0,3,Human,315358244,386687235,212975.4675,453432.9725,213478.36,452435.42,7
13,31,6,5,Human,201201953#4,-266565295#5,212565.76,452330.09,213811.85,452244.51,14
14,33,1,1,Human,10425609#0,-128361102#1,213091.635,451303.575,211388.46,451952.25,0
15,37,4,3,Human,-306240162#1,386687235,211638.505,452888.985,213478.36,452435.42,12
16,39,7,6,Human,272042143,24634414#1,213484.675,452457.545,213210.56,452282.365,2
17,55,8,7,Human,266565295#5,-24634415,213807.23,452252.93,213265.68,452105.8000000001,12
18,56,9,8,Human,22716069#0,24634517#13,212648.485,451697.03,212403.965,451889.175,12
19,57,8,9,Human,266565295#5,201238729#3,213807.23,452252.93,211438.31,452110.43,5
20,57,4,3,Human,-306240162#1,386687235,211638.505,452888.985,213478.36,452435.42,12
21,58,10,5,Human,24634507,-266565295#5,212909.515,451808.915,213811.85,452244.51,14
22,60,11,4,Human,128361109#1,399835085#1,211442.47,452097.55,212001.44,453157.175,9
23,61,7,9,Human,272042143,201238729#3,213484.675,452457.545,211438.31,452110.43,13
24,69,12,10,Human,315358242#0,306240162#0,213272.11,452897.16,211642.94,452890.83,2
25,72,11,3,Human,128361109#1,386687235,211442.47,452097.55,213478.36,452435.42,9
26,72,13,11,Human,-447569998#1,-26677539,213434.54,453008.69,213132.695,453002.015,12
27,73,11,3,Human,128361109#1,386687235,211442.47,452097.55,213478.36,452435.42,9
28,75,11,3,Human,128361109#1,386687235,211442.47,452097.55,213478.36,452435.42,9
29,77,11,2,Human,128361109#1,32978638#0,211442.47,452097.55,213633.66,451984.92,9
30,77,4,3,Human,-306240162#1,386687235,211638.505,452888.985,213478.36,452435.42,12
31,79,11,3,Human,128361109#1,386687235,211442.47,452097.55,213478.36,452435.42,9
32,80,0,12,Human,315358244,447569997#1,212975.4675,453432.9725,213435.6,452999.15,7
33,81,4,3,Human,-306240162#1,386687235,211638.505,452888.985,213478.36,452435.42,12
34,82,13,4,Human,-447569998#1,399835085#1,213434.54,453008.69,212001.44,453157.175,2
35,82,14,3,Human,-54169231#2,386687235,212973.835,452759.09,213478.36,452435.42,12
36,82,11,3,Human,128361109#1,386687235,211442.47,452097.55,213478.36,452435.42,9
37,82,0,2,Human,315358244,32978638#0,212975.4675,453432.9725,213633.66,451984.92,7
38,83,4,3,Human,-306240162#1,386687235,211638.505,452888.985,213478.36,452435.42,12
39,86,4,3,Human,-306240162#1,386687235,211638.505,452888.985,213478.36,452435.42,12
40,88,0,3,Human,315358244,386687235,212975.4675,453432.9725,213478.36,452435.42,7
41,89,11,3,Human,128361109#1,386687235,211442.47,452097.55,213478.36,452435.42,9
42,91,11,3,Human,128361109#1,386687235,211442.47,452097.55,213478.36,452435.42,9
43,92,11,2,Human,128361109#1,32978638#0,211442.47,452097.55,213633.66,451984.92,9
44,93,4,3,Human,-306240162#1,386687235,211638.505,452888.985,213478.36,452435.42,12
45,94,11,3,Human,128361109#1,386687235,211442.47,452097.55,213478.36,452435.42,9
46,96,11,13,Human,128361109#1,40888354#0,211442.47,452097.55,213168.415,452820.44,9
47,101,15,1,Human,-10427692#1,-128361102#1,211769.91,451851.51,211388.46,451952.25,12
48,101,4,4,Human,-306240162#1,399835085#1,211638.505,452888.985,212001.44,453157.175,12
49,105,4,3,Human,-306240162#1,386687235,211638.505,452888.985,213478.36,452435.42,12
50,106,16,5,Human,-32978638#0,-266565295#5,213640.75,451987.935,213811.85,452244.51,14
51,109,4,3,Human,-306240162#1,386687235,211638.505,452888.985,213478.36,452435.42,12
52,112,0,12,Human,315358244,447569997#1,212975.4675,453432.9725,213435.6,452999.15,7
53,119,17,5,Human,-18809673#6,-266565295#5,211318.32,451074.855,213811.85,452244.51,1
54,125,7,10,Human,272042143,306240162#0,213484.675,452457.545,211642.94,452890.83,2
55,127,18,2,Human,201950247#3,32978638#0,213070.49,452706.715,213633.66,451984.92,7
56,128,7,4,Human,272042143,399835085#1,213484.675,452457.545,212001.44,453157.175,2
57,129,1,1,Human,10425609#0,-128361102#1,213091.635,451303.575,211388.46,451952.25,0
58,131,7,10,Human,272042143,306240162#0,213484.675,452457.545,211642.94,452890.83,2
59,132,1,1,Human,10425609#0,-128361102#1,213091.635,451303.575,211388.46,451952.25,0
60,133,4,3,Human,-306240162#1,386687235,211638.505,452888.985,213478.36,452435.42,12
61,134,1,1,Human,10425609#0,-128361102#1,213091.635,451303.575,211388.46,451952.25,0
62,135,16,5,Human,-32978638#0,-266565295#5,213640.75,451987.935,213811.85,452244.51,14
63,136,7,10,Human,272042143,306240162#0,213484.675,452457.545,211642.94,452890.83,2
64,136,1,1,Human,10425609#0,-128361102#1,213091.635,451303.575,211388.46,451952.25,0
65,139,7,9,Human,272042143,201238729#3,213484.675,452457.545,211438.31,452110.43,13
66,140,19,12,Human,-26677542#0,447569997#1,212861.46,453069.875,213435.6,452999.15,12
67,141,20,3,Human,26677213#0,386687235,212783.0,452608.015,213478.36,452435.42,12
68,141,7,4,Human,272042143,399835085#1,213484.675,452457.545,212001.44,453157.175,2
69,142,8,9,Human,266565295#5,201238729#3,213807.23,452252.93,211438.31,452110.43,5
70,149,13,14,Human,-447569998#1,315358242#0,213434.54,453008.69,213322.49,452739.76,12
71,149,8,9,Human,266565295#5,201238729#3,213807.23,452252.93,211438.31,452110.43,5
72,150,8,15,Human,266565295#5,-24634506#2,213807.23,452252.93,212923.875,452069.915,12
73,152,4,16,Human,-306240162#1,30482615#1,211638.505,452888.985,212028.14,450765.2,12
74,154,4,3,Human,-306240162#1,386687235,211638.505,452888.985,213478.36,452435.42,12
75,154,13,4,Human,-447569998#1,399835085#1,213434.54,453008.69,212001.44,453157.175,2
76,155,4,3,Human,-306240162#1,386687235,211638.505,452888.985,213478.36,452435.42,12
77,158,21,17,Human,24599188#0.94,-10427692#3,213342.76,451641.085,211783.375,451881.39,12
78,160,22,9,Human,176550249#3,201238729#3,212398.57,452249.84,211438.31,452110.43,13
79,160,4,18,Human,-306240162#1,24634510#6,211638.505,452888.985,212342.785,452084.485,9
80,164,11,3,Human,128361109#1,386687235,211442.47,452097.55,213478.36,452435.42,9
81,166,11,3,Human,128361109#1,386687235,211442.47,452097.55,213478.36,452435.42,9
82,167,23,2,Human,-24634413#2,32978638#0,213167.66,452053.11,213633.66,451984.92,12
83,169,11,3,Human,128361109#1,386687235,211442.47,452097.55,213478.36,452435.42,9
84,171,11,3,Human,128361109#1,386687235,211442.47,452097.55,213478.36,452435.42,9
85,172,11,3,Human,128361109#1,386687235,211442.47,452097.55,213478.36,452435.42,9
86,176,11,4,Human,128361109#1,399835085#1,211442.47,452097.55,212001.44,453157.175,9
87,178,11,3,Human,128361109#1,386687235,211442.47,452097.55,213478.36,452435.42,9
88,179,11,3,Human,128361109#1,386687235,211442.47,452097.55,213478.36,452435.42,9
89,181,4,3,Human,-306240162#1,386687235,211638.505,452888.985,213478.36,452435.42,12
90,181,11,3,Human,128361109#1,386687235,211442.47,452097.55,213478.36,452435.42,9
91,181,0,2,Human,315358244,32978638#0,212975.4675,453432.9725,213633.66,451984.92,7
92,183,4,3,Human,-306240162#1,386687235,211638.505,452888.985,213478.36,452435.42,12
93,186,4,3,Human,-306240162#1,386687235,211638.505,452888.985,213478.36,452435.42,12
94,188,4,3,Human,-306240162#1,386687235,211638.505,452888.985,213478.36,452435.42,12
95,189,24,19,Human,-160314345#5,-24634505,213480.015,452304.825,212865.605,452150.26,12
96,189,4,3,Human,-306240162#1,386687235,211638.505,452888.985,213478.36,452435.42,12
97,191,4,3,Human,-306240162#1,386687235,211638.505,452888.985,213478.36,452435.42,12
98,192,4,3,Human,-306240162#1,386687235,211638.505,452888.985,213478.36,452435.42,12
99,194,1,1,Human,10425609#0,-128361102#1,213091.635,451303.575,211388.46,451952.25,0
100,195,11,3,Human,128361109#1,386687235,211442.47,452097.55,213478.36,452435.42,9
101,197,25,10,Human,24634517#1,306240162#0,212025.5,451709.68000000005,211642.94,452890.83,2
102,199,4,3,Human,-306240162#1,386687235,211638.505,452888.985,213478.36,452435.42,12
103,201,0,3,Human,315358244,386687235,212975.4675,453432.9725,213478.36,452435.42,7
104,203,0,12,Human,315358244,447569997#1,212975.4675,453432.9725,213435.6,452999.15,7
105,204,4,3,Human,-306240162#1,386687235,211638.505,452888.985,213478.36,452435.42,12
106,204,17,3,Human,-18809673#6,386687235,211318.32,451074.855,213478.36,452435.42,1
107,212,4,3,Human,-306240162#1,386687235,211638.505,452888.985,213478.36,452435.42,12
108,213,4,20,Human,-306240162#1,272042145,211638.505,452888.985,213478.39,452442.76,12
109,220,1,10,Human,10425609#0,306240162#0,213091.635,451303.575,211642.94,452890.83,2
110,221,4,20,Human,-306240162#1,272042145,211638.505,452888.985,213478.39,452442.76,12
111,221,26,3,Human,201238726#0.117,386687235,211898.18,452192.0825,213478.36,452435.42,9
112,223,7,9,Human,272042143,201238729#3,213484.675,452457.545,211438.31,452110.43,13
113,225,7,4,Human,272042143,399835085#1,213484.675,452457.545,212001.44,453157.175,2
114,226,4,3,Human,-306240162#1,386687235,211638.505,452888.985,213478.36,452435.42,12
115,226,7,10,Human,272042143,306240162#0,213484.675,452457.545,211642.94,452890.83,2
116,228,7,9,Human,272042143,201238729#3,213484.675,452457.545,211438.31,452110.43,13
117,229,17,3,Human,-18809673#6,386687235,211318.32,451074.855,213478.36,452435.42,1
118,230,7,4,Human,272042143,399835085#1,213484.675,452457.545,212001.44,453157.175,2
119,231,7,10,Human,272042143,306240162#0,213484.675,452457.545,211642.94,452890.83,2
120,233,7,4,Human,272042143,399835085#1,213484.675,452457.545,212001.44,453157.175,2
121,233,4,3,Human,-306240162#1,386687235,211638.505,452888.985,213478.36,452435.42,12
122,234,7,10,Human,272042143,306240162#0,213484.675,452457.545,211642.94,452890.83,2
123,235,0,21,Human,315358244,-201238724,212975.4675,453432.9725,212836.39,452204.11,2
124,236,7,10,Human,272042143,306240162#0,213484.675,452457.545,211642.94,452890.83,2
125,238,7,9,Human,272042143,201238729#3,213484.675,452457.545,211438.31,452110.43,13
126,238,8,21,Human,266565295#5,-201238724,213807.23,452252.93,212836.39,452204.11,2
127,240,27,2,Human,28319300#3,32978638#0,212238.04,452544.145,213633.66,451984.92,12
128,245,16,10,Human,-32978638#0,306240162#0,213640.75,451987.935,211642.94,452890.83,2
129,245,4,20,Human,-306240162#1,272042145,211638.505,452888.985,213478.39,452442.76,12
130,245,17,22,Human,-18809673#6,-83304175#2,211318.32,451074.855,213340.28,451635.835,1
131,246,16,10,Human,-32978638#0,306240162#0,213640.75,451987.935,211642.94,452890.83,2
132,248,11,3,Human,128361109#1,386687235,211442.47,452097.55,213478.36,452435.42,9
133,248,16,9,Human,-32978638#0,201238729#3,213640.75,451987.935,211438.31,452110.43,5
134,249,11,3,Human,128361109#1,386687235,211442.47,452097.55,213478.36,452435.42,9
135,258,4,3,Human,-306240162#1,386687235,211638.505,452888.985,213478.36,452435.42,12
136,260,11,3,Human,128361109#1,386687235,211442.47,452097.55,213478.36,452435.42,9
137,261,28,9,Human,-399835085#0,201238729#3,212144.335,453005.3,211438.31,452110.43,2
138,262,0,23,Human,315358244,26677541,212975.4675,453432.9725,213017.6,453046.28,2
139,264,29,3,Human,-160314345#2,386687235,213207.6,452277.045,213478.36,452435.42,9
140,265,4,24,Human,-306240162#1,201238718#0,211638.505,452888.985,212879.05,452356.22,9
141,267,11,3,Human,128361109#1,386687235,211442.47,452097.55,213478.36,452435.42,9
142,267,4,3,Human,-306240162#1,386687235,211638.505,452888.985,213478.36,452435.42,12
143,268,30,25,Human,168702040#1,-25145014#0,213570.04,452107.55,212666.33,451610.59,2
144,269,4,3,Human,-306240162#1,386687235,211638.505,452888.985,213478.36,452435.42,12
145,269,11,3,Human,128361109#1,386687235,211442.47,452097.55,213478.36,452435.42,9
146,271,11,26,Human,128361109#1,24634509#1,211442.47,452097.55,212852.71,452044.03,9
147,272,11,3,Human,128361109#1,386687235,211442.47,452097.55,213478.36,452435.42,9
148,280,4,16,Human,-306240162#1,30482615#1,211638.505,452888.985,212028.14,450765.2,12
149,281,1,1,Human,10425609#0,-128361102#1,213091.635,451303.575,211388.46,451952.25,0
150,283,11,3,Human,128361109#1,386687235,211442.47,452097.55,213478.36,452435.42,9
151,285,11,3,Human,128361109#1,386687235,211442.47,452097.55,213478.36,452435.42,9
152,286,16,12,Human,-32978638#0,447569997#1,213640.75,451987.935,213435.6,452999.15,14
153,288,16,27,Human,-32978638#0,-315358242#1,213640.75,451987.935,213331.87,452741.83,14
154,289,11,28,Human,128361109#1,-315358242#0,211442.47,452097.55,213281.13,452900.43,9
155,289,16,9,Human,-32978638#0,201238729#3,213640.75,451987.935,211438.31,452110.43,5
156,292,8,9,Human,266565295#5,201238729#3,213807.23,452252.93,211438.31,452110.43,5
157,292,4,29,Human,-306240162#1,402600768#1,211638.505,452888.985,213484.76,452070.75,12
158,293,31,2,Human,24634416,32978638#0,213252.9,452163.915,213633.66,451984.92,7
159,293,4,3,Human,-306240162#1,386687235,211638.505,452888.985,213478.36,452435.42,12
160,295,4,3,Human,-306240162#1,386687235,211638.505,452888.985,213478.36,452435.42,12
161,296,4,3,Human,-306240162#1,386687235,211638.505,452888.985,213478.36,452435.42,12
162,298,4,3,Human,-306240162#1,386687235,211638.505,452888.985,213478.36,452435.42,12
163,299,11,3,Human,128361109#1,386687235,211442.47,452097.55,213478.36,452435.42,9
164,301,11,3,Human,128361109#1,386687235,211442.47,452097.55,213478.36,452435.42,9
165,305,16,30,Human,-32978638#0,28319300#3,213640.75,451987.935,212239.235,452458.24,2
166,305,17,5,Human,-18809673#6,-266565295#5,211318.32,451074.855,213811.85,452244.51,1
167,306,32,9,Human,-24634509#7,201238729#3,212847.145,452042.39,211438.31,452110.43,9
168,307,33,9,Human,-137454133#5,201238729#3,212153.36,452323.795,211438.31,452110.43,9
169,308,4,31,Human,-306240162#1,-201963533#4,211638.505,452888.985,212028.91,451703.04,12
170,315,0,3,Human,315358244,386687235,212975.4675,453432.9725,213478.36,452435.42,7
171,317,0,3,Human,315358244,386687235,212975.4675,453432.9725,213478.36,452435.42,7
172,320,4,3,Human,-306240162#1,386687235,211638.505,452888.985,213478.36,452435.42,12
173,320,0,3,Human,315358244,386687235,212975.4675,453432.9725,213478.36,452435.42,7
174,323,8,32,Human,266565295#5,24608845,213807.23,452252.93,212875.45,452147.735,9
175,323,4,33,Human,-306240162#1,-25190140#1,211638.505,452888.985,212561.26,451214.905,9
176,324,0,16,Human,315358244,30482615#1,212975.4675,453432.9725,212028.14,450765.2,2
177,324,4,34,Human,-306240162#1,137454133#2,211638.505,452888.985,212147.62,452322.965,9
178,326,8,9,Human,266565295#5,201238729#3,213807.23,452252.93,211438.31,452110.43,5
179,329,34,10,Human,-315358257#0.26,306240162#0,212259.43,452900.09,211642.94,452890.83,2
180,329,8,9,Human,266565295#5,201238729#3,213807.23,452252.93,211438.31,452110.43,5
181,330,8,9,Human,266565295#5,201238729#3,213807.23,452252.93,211438.31,452110.43,5
182,331,16,10,Human,-32978638#0,306240162#0,213640.75,451987.935,211642.94,452890.83,2
183,332,17,3,Human,-18809673#6,386687235,211318.32,451074.855,213478.36,452435.42,1
184,335,11,3,Human,128361109#1,386687235,211442.47,452097.55,213478.36,452435.42,9
185,335,16,12,Human,-32978638#0,447569997#1,213640.75,451987.935,213435.6,452999.15,14
186,335,21,35,Human,24599188#0.94,201201950#1,213342.76,451641.085,213032.07,452458.87,9
187,336,11,3,Human,128361109#1,386687235,211442.47,452097.55,213478.36,452435.42,9
188,337,16,9,Human,-32978638#0,201238729#3,213640.75,451987.935,211438.31,452110.43,5
189,338,16,10,Human,-32978638#0,306240162#0,213640.75,451987.935,211642.94,452890.83,2
190,339,1,1,Human,10425609#0,-128361102#1,213091.635,451303.575,211388.46,451952.25,0
191,340,17,36,Human,-18809673#6,40888354#1,211318.32,451074.855,213173.475,452766.685,1
192,340,11,3,Human,128361109#1,386687235,211442.47,452097.55,213478.36,452435.42,9
193,342,11,4,Human,128361109#1,399835085#1,211442.47,452097.55,212001.44,453157.175,9
194,343,1,10,Human,10425609#0,306240162#0,213091.635,451303.575,211642.94,452890.83,9
195,346,1,1,Human,10425609#0,-128361102#1,213091.635,451303.575,211388.46,451952.25,0
196,347,11,3,Human,128361109#1,386687235,211442.47,452097.55,213478.36,452435.42,9
197,347,0,2,Human,315358244,32978638#0,212975.4675,453432.9725,213633.66,451984.92,7
198,348,13,37,Human,-447569998#1,40888356#0,213434.54,453008.69,212383.985,452326.845,9
199,351,11,3,Human,128361109#1,386687235,211442.47,452097.55,213478.36,452435.42,9
200,351,4,3,Human,-306240162#1,386687235,211638.505,452888.985,213478.36,452435.42,12
201,353,11,3,Human,128361109#1,386687235,211442.47,452097.55,213478.36,452435.42,9
202,354,4,20,Human,-306240162#1,272042145,211638.505,452888.985,213478.39,452442.76,12
203,355,0,2,Human,315358244,32978638#0,212975.4675,453432.9725,213633.66,451984.92,7
204,356,4,20,Human,-306240162#1,272042145,211638.505,452888.985,213478.39,452442.76,12
205,357,4,20,Human,-306240162#1,272042145,211638.505,452888.985,213478.39,452442.76,12
206,359,4,20,Human,-306240162#1,272042145,211638.505,452888.985,213478.39,452442.76,12
207,362,4,38,Human,-306240162#1,138300620#0,211638.505,452888.985,212419.415,452110.7,9
208,366,11,3,Human,128361109#1,386687235,211442.47,452097.55,213478.36,452435.42,9
209,368,4,20,Human,-306240162#1,272042145,211638.505,452888.985,213478.39,452442.76,12
210,370,35,3,Human,-26677216#0,386687235,212982.09,452766.76,213478.36,452435.42,9
211,374,11,3,Human,128361109#1,386687235,211442.47,452097.55,213478.36,452435.42,9
212,375,36,20,Human,286646456#1,272042145,211979.335,452780.735,213478.39,452442.76,12
213,376,0,39,Human,315358244,-201238718#0,212975.4675,453432.9725,212979.68,452196.755,7
214,377,16,10,Human,-32978638#0,306240162#0,213640.75,451987.935,211642.94,452890.83,2
215,378,1,10,Human,10425609#0,306240162#0,213091.635,451303.575,211642.94,452890.83,14
216,379,11,2,Human,128361109#1,32978638#0,211442.47,452097.55,213633.66,451984.92,9
217,380,11,40,Human,128361109#1,-22724699#1,211442.47,452097.55,212624.945,452617.335,6
218,381,8,9,Human,266565295#5,201238729#3,213807.23,452252.93,211438.31,452110.43,5
219,382,11,3,Human,128361109#1,386687235,211442.47,452097.55,213478.36,452435.42,9
220,382,1,1,Human,10425609#0,-128361102#1,213091.635,451303.575,211388.46,451952.25,0
221,383,37,41,Human,201201935#0,-32395288#1,211141.53,451674.18,211731.37,451271.77,14
222,383,8,9,Human,266565295#5,201238729#3,213807.23,452252.93,211438.31,452110.43,5
223,384,11,3,Human,128361109#1,386687235,211442.47,452097.55,213478.36,452435.42,9
224,386,11,3,Human,128361109#1,386687235,211442.47,452097.55,213478.36,452435.42,9
225,387,11,20,Human,128361109#1,272042145,211442.47,452097.55,213478.39,452442.76,6
226,389,11,3,Human,128361109#1,386687235,211442.47,452097.55,213478.36,452435.42,9
227,390,38,10,Human,-24634414#1,306240162#0,213216.13,452283.985,211642.94,452890.83,2
228,395,4,20,Human,-306240162#1,272042145,211638.505,452888.985,213478.39,452442.76,12
229,396,16,5,Human,-32978638#0,-266565295#5,213640.75,451987.935,213811.85,452244.51,14
230,398,4,4,Human,-306240162#1,399835085#1,211638.505,452888.985,212001.44,453157.175,12
231,399,11,3,Human,128361109#1,386687235,211442.47,452097.55,213478.36,452435.42,9
232,399,4,20,Human,-306240162#1,272042145,211638.505,452888.985,213478.39,452442.76,12
233,400,4,20,Human,-306240162#1,272042145,211638.505,452888.985,213478.39,452442.76,12
234,402,4,20,Human,-306240162#1,272042145,211638.505,452888.985,213478.39,452442.76,12
235,403,4,20,Human,-306240162#1,272042145,211638.505,452888.985,213478.39,452442.76,12
236,411,4,20,Human,-306240162#1,272042145,211638.505,452888.985,213478.39,452442.76,12
237,412,4,5,Human,-306240162#1,-266565295#5,211638.505,452888.985,213811.85,452244.51,12
238,413,39,9,Human,23166741#2,201238729#3,213173.07,452474.34,211438.31,452110.43,13
239,413,40,20,Human,-24634510#5,272042145,212430.715,452101.96,213478.39,452442.76,6
240,414,41,2,Human,201238719#0,32978638#0,211899.24,452235.18,213633.66,451984.92,9
241,414,4,2,Human,-306240162#1,32978638#0,211638.505,452888.985,213633.66,451984.92,12
242,418,42,20,Human,24634513#0,272042145,212250.8,452064.83,213478.39,452442.76,6
243,419,11,3,Human,128361109#1,386687235,211442.47,452097.55,213478.36,452435.42,9
244,423,4,10,Human,-306240162#1,306240162#0,211638.505,452888.985,211642.94,452890.83,2
245,423,4,20,Human,-306240162#1,272042145,211638.505,452888.985,213478.39,452442.76,12
246,424,16,10,Human,-32978638#0,306240162#0,213640.75,451987.935,211642.94,452890.83,2
247,427,11,3,Human,128361109#1,386687235,211442.47,452097.55,213478.36,452435.42,9
248,429,43,20,Human,40888360#0,272042145,212744.5,452410.79,213478.39,452442.76,12
249,429,11,20,Human,128361109#1,272042145,211442.47,452097.55,213478.39,452442.76,6
250,434,16,10,Human,-32978638#0,306240162#0,213640.75,451987.935,211642.94,452890.83,2
251,435,0,3,Human,315358244,386687235,212975.4675,453432.9725,213478.36,452435.42,7
252,438,11,20,Human,128361109#1,272042145,211442.47,452097.55,213478.39,452442.76,6
253,446,1,1,Human,10425609#0,-128361102#1,213091.635,451303.575,211388.46,451952.25,0
254,448,1,1,Human,10425609#0,-128361102#1,213091.635,451303.575,211388.46,451952.25,0
255,450,17,5,Human,-18809673#6,-266565295#5,211318.32,451074.855,213811.85,452244.51,1
256,450,11,20,Human,128361109#1,272042145,211442.47,452097.55,213478.39,452442.76,6
257,450,1,42,Human,10425609#0,-218647954,213091.635,451303.575,212214.255,451816.61,0
258,451,11,4,Human,128361109#1,399835085#1,211442.47,452097.55,212001.44,453157.175,6
259,452,1,1,Human,10425609#0,-128361102#1,213091.635,451303.575,211388.46,451952.25,0
260,453,31,2,Human,24634416,32978638#0,213252.9,452163.915,213633.66,451984.92,7
261,453,11,2,Human,128361109#1,32978638#0,211442.47,452097.55,213633.66,451984.92,6
262,455,1,1,Human,10425609#0,-128361102#1,213091.635,451303.575,211388.46,451952.25,0
263,456,4,20,Human,-306240162#1,272042145,211638.505,452888.985,213478.39,452442.76,12
264,458,4,20,Human,-306240162#1,272042145,211638.505,452888.985,213478.39,452442.76,12
265,459,4,5,Human,-306240162#1,-266565295#5,211638.505,452888.985,213811.85,452244.51,12
266,462,44,20,Human,24634510#1,272042145,212663.995,452139.52,213478.39,452442.76,6
267,462,21,4,Human,24599188#0.94,399835085#1,213342.76,451641.085,212001.44,453157.175,11
268,464,0,3,Human,315358244,386687235,212975.4675,453432.9725,213478.36,452435.42,7
269,465,21,43,Human,24599188#0.94,22724699#7,213342.76,451641.085,212272.47,452437.7,11
270,468,43,2,Human,40888360#0,32978638#0,212744.5,452410.79,213633.66,451984.92,12
271,474,45,10,Human,-224892361#8,306240162#0,211865.015,452381.815,211642.94,452890.83,11
272,474,11,4,Human,128361109#1,399835085#1,211442.47,452097.55,212001.44,453157.175,6
273,481,16,9,Human,-32978638#0,201238729#3,213640.75,451987.935,211438.31,452110.43,5
274,481,4,5,Human,-306240162#1,-266565295#5,211638.505,452888.985,213811.85,452244.51,12
275,482,2,2,Human,24608844,32978638#0,213600.045,452309.8,213633.66,451984.92,6
276,483,16,44,Human,-32978638#0,26677214#3,213640.75,451987.935,212821.455,452899.6,5
277,484,16,10,Human,-32978638#0,306240162#0,213640.75,451987.935,211642.94,452890.83,11
278,487,46,3,Human,54169231#1,386687235,212881.24,452796.7,213478.36,452435.42,6
279,491,1,1,Human,10425609#0,-128361102#1,213091.635,451303.575,211388.46,451952.25,0
280,495,47,20,Human,315392062#0,272042145,213156.245,451990.345,213478.39,452442.76,6
281,495,1,1,Human,10425609#0,-128361102#1,213091.635,451303.575,211388.46,451952.25,0
282,500,1,1,Human,10425609#0,-128361102#1,213091.635,451303.575,211388.46,451952.25,0
283,500,4,20,Human,-306240162#1,272042145,211638.505,452888.985,213478.39,452442.76,12
284,504,48,3,Human,53396619#4,386687235,213145.7,452689.745,213478.36,452435.42,6
285,507,49,3,Human,-201950247#0,386687235,213053.065,452789.84,213478.36,452435.42,7
286,508,1,1,Human,10425609#0,-128361102#1,213091.635,451303.575,211388.46,451952.25,0
287,512,21,4,Human,24599188#0.94,399835085#1,213342.76,451641.085,212001.44,453157.175,11
288,515,50,12,Human,-24634411,447569997#1,212931.69,452439.76,213435.6,452999.15,6
289,515,22,20,Human,176550249#3,272042145,212398.57,452249.84,213478.39,452442.76,6
290,516,16,45,Human,-32978638#0,24634414#2,213640.75,451987.935,213241.83,452166.63,14
291,517,16,10,Human,-32978638#0,306240162#0,213640.75,451987.935,211642.94,452890.83,11
292,521,7,1,Human,272042143,-128361102#1,213484.675,452457.545,211388.46,451952.25,13
293,521,16,46,Human,-32978638#0,-160314346#0,213640.75,451987.935,212876.35,452157.925,14
294,522,7,4,Human,272042143,399835085#1,213484.675,452457.545,212001.44,453157.175,11
295,524,11,20,Human,128361109#1,272042145,211442.47,452097.55,213478.39,452442.76,6
296,524,4,5,Human,-306240162#1,-266565295#5,211638.505,452888.985,213811.85,452244.51,12
297,525,17,5,Human,-18809673#6,-266565295#5,211318.32,451074.855,213811.85,452244.51,1
298,528,11,47,Human,128361109#1,201201953#10,211442.47,452097.55,211972.52,452232.29,6
299,529,11,5,Human,128361109#1,-266565295#5,211442.47,452097.55,213811.85,452244.51,6
300,531,51,20,Human,176550249#4,272042145,212591.23,452310.34,213478.39,452442.76,6
301,533,4,20,Human,-306240162#1,272042145,211638.505,452888.985,213478.39,452442.76,12
302,534,4,5,Human,-306240162#1,-266565295#5,211638.505,452888.985,213811.85,452244.51,12
303,536,4,5,Human,-306240162#1,-266565295#5,211638.505,452888.985,213811.85,452244.51,12
304,537,11,20,Human,128361109#1,272042145,211442.47,452097.55,213478.39,452442.76,6
305,541,17,5,Human,-18809673#6,-266565295#5,211318.32,451074.855,213811.85,452244.51,1
306,546,11,20,Human,128361109#1,272042145,211442.47,452097.55,213478.39,452442.76,6
307,547,11,20,Human,128361109#1,272042145,211442.47,452097.55,213478.39,452442.76,6
308,548,17,5,Human,-18809673#6,-266565295#5,211318.32,451074.855,213811.85,452244.51,1
309,549,11,5,Human,128361109#1,-266565295#5,211442.47,452097.55,213811.85,452244.51,6
310,551,11,5,Human,128361109#1,-266565295#5,211442.47,452097.55,213811.85,452244.51,6
311,552,4,5,Human,-306240162#1,-266565295#5,211638.505,452888.985,213811.85,452244.51,12
312,555,52,20,Human,-24634505,272042145,212842.27,452191.025,213478.39,452442.76,6
313,562,0,2,Human,315358244,32978638#0,212975.4675,453432.9725,213633.66,451984.92,7
314,563,0,3,Human,315358244,386687235,212975.4675,453432.9725,213478.36,452435.42,7
315,564,0,3,Human,315358244,386687235,212975.4675,453432.9725,213478.36,452435.42,7
316,565,0,2,Human,315358244,32978638#0,212975.4675,453432.9725,213633.66,451984.92,7
317,572,0,3,Human,315358244,386687235,212975.4675,453432.9725,213478.36,452435.42,7
318,573,11,20,Human,128361109#1,272042145,211442.47,452097.55,213478.39,452442.76,6
319,578,8,48,Human,266565295#5,28111977#9,213807.23,452252.93,212473.195,451372.475,0
320,579,36,16,Human,286646456#1,30482615#1,211979.335,452780.735,212028.14,450765.2,6
321,588,39,9,Human,23166741#2,201238729#3,213173.07,452474.34,211438.31,452110.43,13
322,593,8,49,Human,266565295#5,-25145011#0,213807.23,452252.93,212799.735,451424.525,6
323,593,4,50,Human,-306240162#1,-170018165#0,211638.505,452888.985,211856.56,452362.91,6
324,599,4,5,Human,-306240162#1,-266565295#5,211638.505,452888.985,213811.85,452244.51,12
325,600,17,5,Human,-18809673#6,-266565295#5,211318.32,451074.855,213811.85,452244.51,1
326,603,16,10,Human,-32978638#0,306240162#0,213640.75,451987.935,211642.94,452890.83,11
327,606,16,5,Human,-32978638#0,-266565295#5,213640.75,451987.935,213811.85,452244.51,14
328,607,7,10,Human,272042143,306240162#0,213484.675,452457.545,211642.94,452890.83,11
329,610,7,9,Human,272042143,201238729#3,213484.675,452457.545,211438.31,452110.43,13
330,611,7,10,Human,272042143,306240162#0,213484.675,452457.545,211642.94,452890.83,11
331,613,7,9,Human,272042143,201238729#3,213484.675,452457.545,211438.31,452110.43,13
332,614,7,10,Human,272042143,306240162#0,213484.675,452457.545,211642.94,452890.83,11
333,615,0,51,Human,315358244,23166741#5,212975.4675,453432.9725,212848.59,452448.23,7
334,616,7,10,Human,272042143,306240162#0,213484.675,452457.545,211642.94,452890.83,11
335,616,53,52,Human,176550249#1,4942376,212068.5,452219.52,213618.63,452666.15,9
336,618,7,9,Human,272042143,201238729#3,213484.675,452457.545,211438.31,452110.43,13
337,622,54,1,Human,28111977#8,-128361102#1,212286.395,451412.07,211388.46,451952.25,0
338,634,11,20,Human,128361109#1,272042145,211442.47,452097.55,213478.39,452442.76,6
339,637,11,4,Human,128361109#1,399835085#1,211442.47,452097.55,212001.44,453157.175,6
340,645,55,20,Human,-201950263#6,272042145,212746.61,453184.57,213478.39,452442.76,6
341,645,17,5,Human,-18809673#6,-266565295#5,211318.32,451074.855,213811.85,452244.51,1
342,652,56,10,Human,-24634413#0,306240162#0,213125.165,452252.9250000001,211642.94,452890.83,11
343,653,57,15,Human,176550249#0,-24634506#2,211922.89,452213.87,212923.875,452069.915,6
344,667,0,53,Human,315358244,24634506#2,212975.4675,453432.9725,212853.915,452054.905,7
345,667,7,10,Human,272042143,306240162#0,213484.675,452457.545,211642.94,452890.83,11
346,670,0,2,Human,315358244,32978638#0,212975.4675,453432.9725,213633.66,451984.92,7
347,673,24,54,Human,-160314345#5,31860333#1,213480.015,452304.825,211840.025,451531.305,0
348,674,58,3,Human,129379925,386687235,213253.03,452942.47,213478.36,452435.42,7
349,675,7,10,Human,272042143,306240162#0,213484.675,452457.545,211642.94,452890.83,11
350,676,4,40,Human,-306240162#1,-22724699#1,211638.505,452888.985,212624.945,452617.335,12
351,676,8,10,Human,266565295#5,306240162#0,213807.23,452252.93,211642.94,452890.83,11
352,676,7,10,Human,272042143,306240162#0,213484.675,452457.545,211642.94,452890.83,11
353,678,7,9,Human,272042143,201238729#3,213484.675,452457.545,211438.31,452110.43,13
354,679,0,3,Human,315358244,386687235,212975.4675,453432.9725,213478.36,452435.42,7
355,680,7,55,Human,272042143,176550249#4,213484.675,452457.545,212840.87,452415.74,11
356,680,13,56,Human,-447569998#1,-315358258,213434.54,453008.69,212144.105,453005.495,11
357,680,0,3,Human,315358244,386687235,212975.4675,453432.9725,213478.36,452435.42,7
358,680,0,3,Human,315358244,386687235,212975.4675,453432.9725,213478.36,452435.42,7
359,681,8,10,Human,266565295#5,306240162#0,213807.23,452252.93,211642.94,452890.83,11
360,682,1,57,Human,10425609#0,26642363,213091.635,451303.575,212094.025,451366.13,0
361,684,7,10,Human,272042143,306240162#0,213484.675,452457.545,211642.94,452890.83,11
362,686,59,10,Human,-28319300#2,306240162#0,212244.0,452558.485,211642.94,452890.83,11
363,686,7,10,Human,272042143,306240162#0,213484.675,452457.545,211642.94,452890.83,11
364,686,17,5,Human,-18809673#6,-266565295#5,211318.32,451074.855,213811.85,452244.51,1
365,688,7,4,Human,272042143,399835085#1,213484.675,452457.545,212001.44,453157.175,11
366,691,7,9,Human,272042143,201238729#3,213484.675,452457.545,211438.31,452110.43,13
367,692,7,58,Human,272042143,224892361#3,213484.675,452457.545,212001.02,452447.47,11
368,693,47,2,Human,315392062#0,32978638#0,213156.245,451990.345,213633.66,451984.92,7
369,694,60,5,Human,-22716549#6,-266565295#5,212918.94,451755.98,213811.85,452244.51,1
370,694,7,10,Human,272042143,306240162#0,213484.675,452457.545,211642.94,452890.83,11
371,695,22,9,Human,176550249#3,201238729#3,212398.57,452249.84,211438.31,452110.43,13
372,696,7,9,Human,272042143,201238729#3,213484.675,452457.545,211438.31,452110.43,13
373,697,7,9,Human,272042143,201238729#3,213484.675,452457.545,211438.31,452110.43,13
374,699,7,9,Human,272042143,201238729#3,213484.675,452457.545,211438.31,452110.43,13
375,706,0,3,Human,315358244,386687235,212975.4675,453432.9725,213478.36,452435.42,7
376,707,7,9,Human,272042143,201238729#3,213484.675,452457.545,211438.31,452110.43,13
377,710,7,10,Human,272042143,306240162#0,213484.675,452457.545,211642.94,452890.83,11
378,711,7,10,Human,272042143,306240162#0,213484.675,452457.545,211642.94,452890.83,11
379,714,17,5,Human,-18809673#6,-266565295#5,211318.32,451074.855,213811.85,452244.51,1
380,715,61,2,Human,-201089423#1,32978638#0,213198.16,451813.82,213633.66,451984.92,7
381,721,62,2,Human,-25117391#2,32978638#0,212476.77,453007.31,213633.66,451984.92,12
382,726,11,3,Human,128361109#1,386687235,211442.47,452097.55,213478.36,452435.42,9
383,726,63,5,Human,-201201945#0,-266565295#5,212746.915,452548.92,213811.85,452244.51,7
384,729,64,1,Human,-136728347#4,-128361102#1,212422.34,451683.04,211388.46,451952.25,0
385,729,0,59,Human,315358244,-160314345#0,212975.4675,453432.9725,213000.09,452198.56,7
386,732,11,3,Human,128361109#1,386687235,211442.47,452097.55,213478.36,452435.42,9
387,733,65,2,Human,315358242#1,32978638#0,213322.54,452739.58,213633.66,451984.92,7
388,736,66,1,Human,22879845,-128361102#1,212676.79,452005.16,211388.46,451952.25,0
389,738,16,12,Human,-32978638#0,447569997#1,213640.75,451987.935,213435.6,452999.15,5
390,741,4,5,Human,-306240162#1,-266565295#5,211638.505,452888.985,213811.85,452244.51,12
391,746,67,5,Human,-25117391#1,-266565295#5,212389.605,452950.36,213811.85,452244.51,12
392,751,68,2,Human,24634411,32978638#0,213043.62,452220.67,213633.66,451984.92,7
393,752,69,12,Human,-315358242#0,447569997#1,213331.78,452742.19,213435.6,452999.15,11
394,752,70,3,Human,-22724699#11,386687235,212272.6,452431.9,213478.36,452435.42,12
395,752,16,5,Human,-32978638#0,-266565295#5,213640.75,451987.935,213811.85,452244.51,14
396,761,32,5,Human,-24634509#7,-266565295#5,212847.145,452042.39,213811.85,452244.51,1
397,767,17,5,Human,-18809673#6,-266565295#5,211318.32,451074.855,213811.85,452244.51,1
398,769,7,4,Human,272042143,399835085#1,213484.675,452457.545,212001.44,453157.175,11
399,770,7,9,Human,272042143,201238729#3,213484.675,452457.545,211438.31,452110.43,13
400,772,7,4,Human,272042143,399835085#1,213484.675,452457.545,212001.44,453157.175,11
401,774,7,9,Human,272042143,201238729#3,213484.675,452457.545,211438.31,452110.43,13
402,775,0,5,Human,315358244,-266565295#5,212975.4675,453432.9725,213811.85,452244.51,7
403,775,4,4,Human,-306240162#1,399835085#1,211638.505,452888.985,212001.44,453157.175,4
404,775,7,4,Human,272042143,399835085#1,213484.675,452457.545,212001.44,453157.175,11
405,776,0,2,Human,315358244,32978638#0,212975.4675,453432.9725,213633.66,451984.92,7
406,777,7,10,Human,272042143,306240162#0,213484.675,452457.545,211642.94,452890.83,11
407,778,0,3,Human,315358244,386687235,212975.4675,453432.9725,213478.36,452435.42,7
408,779,7,9,Human,272042143,201238729#3,213484.675,452457.545,211438.31,452110.43,13
409,779,11,60,Human,128361109#1,26677214#4,211442.47,452097.55,212875.915,452947.99,6
410,780,0,5,Human,315358244,-266565295#5,212975.4675,453432.9725,213811.85,452244.51,7
411,780,7,9,Human,272042143,201238729#3,213484.675,452457.545,211438.31,452110.43,13
412,780,1,10,Human,10425609#0,306240162#0,213091.635,451303.575,211642.94,452890.83,0
413,782,1,4,Human,10425609#0,399835085#1,213091.635,451303.575,212001.44,453157.175,11
414,782,7,4,Human,272042143,399835085#1,213484.675,452457.545,212001.44,453157.175,11
415,783,4,4,Human,-306240162#1,399835085#1,211638.505,452888.985,212001.44,453157.175,4
416,784,7,10,Human,272042143,306240162#0,213484.675,452457.545,211642.94,452890.83,11
417,786,7,4,Human,272042143,399835085#1,213484.675,452457.545,212001.44,453157.175,11
418,787,0,23,Human,315358244,26677541,212975.4675,453432.9725,213017.6,453046.28,7
419,788,7,10,Human,272042143,306240162#0,213484.675,452457.545,211642.94,452890.83,11
420,789,11,3,Human,128361109#1,386687235,211442.47,452097.55,213478.36,452435.42,9
421,794,0,2,Human,315358244,32978638#0,212975.4675,453432.9725,213633.66,451984.92,7
422,794,0,5,Human,315358244,-266565295#5,212975.4675,453432.9725,213811.85,452244.51,7
423,794,11,3,Human,128361109#1,386687235,211442.47,452097.55,213478.36,452435.42,9
424,796,0,5,Human,315358244,-266565295#5,212975.4675,453432.9725,213811.85,452244.51,7
425,797,0,3,Human,315358244,386687235,212975.4675,453432.9725,213478.36,452435.42,7
426,798,8,16,Human,266565295#5,30482615#1,213807.23,452252.93,212028.14,450765.2,0
427,801,0,5,Human,315358244,-266565295#5,212975.4675,453432.9725,213811.85,452244.51,7
428,802,0,5,Human,315358244,-266565295#5,212975.4675,453432.9725,213811.85,452244.51,7
429,803,0,5,Human,315358244,-266565295#5,212975.4675,453432.9725,213811.85,452244.51,7
430,803,1,1,Human,10425609#0,-128361102#1,213091.635,451303.575,211388.46,451952.25,0
431,804,0,5,Human,315358244,-266565295#5,212975.4675,453432.9725,213811.85,452244.51,7
432,805,0,3,Human,315358244,386687235,212975.4675,453432.9725,213478.36,452435.42,7
433,807,0,5,Human,315358244,-266565295#5,212975.4675,453432.9725,213811.85,452244.51,7
434,807,0,5,Human,315358244,-266565295#5,212975.4675,453432.9725,213811.85,452244.51,7
435,811,0,2,Human,315358244,32978638#0,212975.4675,453432.9725,213633.66,451984.92,7
436,814,1,10,Human,10425609#0,306240162#0,213091.635,451303.575,211642.94,452890.83,0
437,815,1,1,Human,10425609#0,-128361102#1,213091.635,451303.575,211388.46,451952.25,0
438,816,17,5,Human,-18809673#6,-266565295#5,211318.32,451074.855,213811.85,452244.51,1
439,816,71,2,Human,26677214#0,32978638#0,212677.685,452793.015,213633.66,451984.92,7
440,817,1,1,Human,10425609#0,-128361102#1,213091.635,451303.575,211388.46,451952.25,0
441,818,17,5,Human,-18809673#6,-266565295#5,211318.32,451074.855,213811.85,452244.51,1
442,818,0,2,Human,315358244,32978638#0,212975.4675,453432.9725,213633.66,451984.92,7
443,820,4,20,Human,-306240162#1,272042145,211638.505,452888.985,213478.39,452442.76,4
444,822,1,10,Human,10425609#0,306240162#0,213091.635,451303.575,211642.94,452890.83,0
445,822,0,61,Human,315358244,-26677416#1,212975.4675,453432.9725,212897.9,453206.545,7
446,824,0,62,Human,315358244,28319300#0,212975.4675,453432.9725,212238.2,452558.545,7
447,832,72,20,Human,-26677213#5,272042145,212672.43,452783.095,213478.39,452442.76,6
448,833,73,2,Human,-315392062#4,32978638#0,212998.0,452182.605,213633.66,451984.92,7
449,840,8,63,Human,266565295#5,-25187893,213807.23,452252.93,212354.7,451490.445,0
450,851,17,5,Human,-18809673#6,-266565295#5,211318.32,451074.855,213811.85,452244.51,1
451,851,64,64,Human,-136728347#4,201238726#0,212422.34,451683.04,211894.69,452184.14,0
452,852,4,20,Human,-306240162#1,272042145,211638.505,452888.985,213478.39,452442.76,4
453,853,4,4,Human,-306240162#1,399835085#1,211638.505,452888.985,212001.44,453157.175,4
454,856,8,65,Human,266565295#5,24634411,213807.23,452252.93,212936.765,452442.57,5
455,859,4,3,Human,-306240162#1,386687235,211638.505,452888.985,213478.36,452435.42,4
456,860,1,1,Human,10425609#0,-128361102#1,213091.635,451303.575,211388.46,451952.25,0
457,861,17,5,Human,-18809673#6,-266565295#5,211318.32,451074.855,213811.85,452244.51,1
458,861,13,39,Human,-447569998#1,-201238718#0,213434.54,453008.69,212979.68,452196.755,7
459,861,7,9,Human,272042143,201238729#3,213484.675,452457.545,211438.31,452110.43,13
460,862,74,10,Human,315358242#3,306240162#0,213356.08,452597.9,211642.94,452890.83,11
461,862,1,10,Human,10425609#0,306240162#0,213091.635,451303.575,211642.94,452890.83,0
462,864,1,10,Human,10425609#0,306240162#0,213091.635,451303.575,211642.94,452890.83,0
463,866,1,1,Human,10425609#0,-128361102#1,213091.635,451303.575,211388.46,451952.25,0
464,869,75,1,Human,23436553#4,-128361102#1,212601.805,451987.845,211388.46,451952.25,0
465,870,7,1,Human,272042143,-128361102#1,213484.675,452457.545,211388.46,451952.25,13
466,870,1,1,Human,10425609#0,-128361102#1,213091.635,451303.575,211388.46,451952.25,0
467,873,7,66,Human,272042143,-32395361#1,213484.675,452457.545,211670.04,451399.06,13
468,874,21,39,Human,24599188#0.94,-201238718#0,213342.76,451641.085,212979.68,452196.755,0
469,875,4,2,Human,-306240162#1,32978638#0,211638.505,452888.985,213633.66,451984.92,4
470,876,1,1,Human,10425609#0,-128361102#1,213091.635,451303.575,211388.46,451952.25,0
471,877,4,4,Human,-306240162#1,399835085#1,211638.505,452888.985,212001.44,453157.175,4
472,878,4,12,Human,-306240162#1,447569997#1,211638.505,452888.985,213435.6,452999.15,4
473,884,67,67,Human,-25117391#1,201950250#1,212389.605,452950.36,212997.22,452913.48,0
474,887,17,5,Human,-18809673#6,-266565295#5,211318.32,451074.855,213811.85,452244.51,1
475,887,1,10,Human,10425609#0,306240162#0,213091.635,451303.575,211642.94,452890.83,0
476,889,8,68,Human,266565295#5,-25145012#3,213807.23,452252.93,212552.91,451517.94,0
477,890,1,10,Human,10425609#0,306240162#0,213091.635,451303.575,211642.94,452890.83,0
478,892,1,1,Human,10425609#0,-128361102#1,213091.635,451303.575,211388.46,451952.25,0
479,894,8,0,Human,266565295#5,-25149001#4,213807.23,452252.93,212672.595,451274.97,0
480,894,1,1,Human,10425609#0,-128361102#1,213091.635,451303.575,211388.46,451952.25,0
481,895,0,4,Human,315358244,399835085#1,212975.4675,453432.9725,212001.44,453157.175,7
482,895,11,69,Human,128361109#1,-26677213#5,211442.47,452097.55,212777.64,452605.79,7
483,896,8,70,Human,266565295#5,22716549#0,213807.23,452252.93,212919.265,451761.77,5
484,896,1,1,Human,10425609#0,-128361102#1,213091.635,451303.575,211388.46,451952.25,0
485,897,0,5,Human,315358244,-266565295#5,212975.4675,453432.9725,213811.85,452244.51,7
486,898,4,5,Human,-306240162#1,-266565295#5,211638.505,452888.985,213811.85,452244.51,4
487,898,0,5,Human,315358244,-266565295#5,212975.4675,453432.9725,213811.85,452244.51,7
488,899,76,20,Human,26676668,272042145,212584.63,452735.295,213478.39,452442.76,4
489,899,1,1,Human,10425609#0,-128361102#1,213091.635,451303.575,211388.46,451952.25,0
490,900,4,5,Human,-306240162#1,-266565295#5,211638.505,452888.985,213811.85,452244.51,4
491,901,77,10,Human,-40888356#6,306240162#0,212389.775,452327.155,211642.94,452890.83,11
492,901,0,52,Human,315358244,4942376,212975.4675,453432.9725,213618.63,452666.15,7
493,902,0,12,Human,315358244,447569997#1,212975.4675,453432.9725,213435.6,452999.15,7
494,903,0,5,Human,315358244,-266565295#5,212975.4675,453432.9725,213811.85,452244.51,7
495,904,0,2,Human,315358244,32978638#0,212975.4675,453432.9725,213633.66,451984.92,7
496,905,0,2,Human,315358244,32978638#0,212975.4675,453432.9725,213633.66,451984.92,7
497,905,4,5,Human,-306240162#1,-266565295#5,211638.505,452888.985,213811.85,452244.51,4
498,907,4,5,Human,-306240162#1,-266565295#5,211638.505,452888.985,213811.85,452244.51,4
499,907,0,2,Human,315358244,32978638#0,212975.4675,453432.9725,213633.66,451984.92,7
500,908,4,5,Human,-306240162#1,-266565295#5,211638.505,452888.985,213811.85,452244.51,4
501,911,0,5,Human,315358244,-266565295#5,212975.4675,453432.9725,213811.85,452244.51,7
502,911,0,3,Human,315358244,386687235,212975.4675,453432.9725,213478.36,452435.42,7
503,912,1,10,Human,10425609#0,306240162#0,213091.635,451303.575,211642.94,452890.83,0
504,913,0,5,Human,315358244,-266565295#5,212975.4675,453432.9725,213811.85,452244.51,7
505,918,1,1,Human,10425609#0,-128361102#1,213091.635,451303.575,211388.46,451952.25,0
506,920,0,5,Human,315358244,-266565295#5,212975.4675,453432.9725,213811.85,452244.51,7
507,921,16,71,Human,-32978638#0,-315358252#1,213640.75,451987.935,213186.12,453103.96,5
508,922,0,3,Human,315358244,386687235,212975.4675,453432.9725,213478.36,452435.42,7
509,923,0,5,Human,315358244,-266565295#5,212975.4675,453432.9725,213811.85,452244.51,7
510,923,0,72,Human,315358244,-24634413#2,212975.4675,453432.9725,213144.44,452196.78,7
511,925,0,12,Human,315358244,447569997#1,212975.4675,453432.9725,213435.6,452999.15,7
512,930,0,5,Human,315358244,-266565295#5,212975.4675,453432.9725,213811.85,452244.51,7
513,931,78,5,Human,-201238718#1,-266565295#5,212852.67,452408.09,213811.85,452244.51,7
514,931,24,10,Human,-160314345#5,306240162#0,213480.015,452304.825,211642.94,452890.83,11
515,932,0,3,Human,315358244,386687235,212975.4675,453432.9725,213478.36,452435.42,7
516,938,1,73,Human,10425609#0,-393420106#1,213091.635,451303.575,211142.79,451679.84,0
517,942,79,1,Human,24634517#6,-128361102#1,212099.46500000003,451862.045,211388.46,451952.25,0
518,942,80,3,Human,-24634506#0,386687235,212954.28,452081.205,213478.36,452435.42,7
519,944,81,2,Human,25117391#2,32978638#0,212393.02,452945.665,213633.66,451984.92,7
520,948,1,1,Human,10425609#0,-128361102#1,213091.635,451303.575,211388.46,451952.25,0
521,953,1,74,Human,10425609#0,-24634521#1,213091.635,451303.575,212210.35,451806.3000000001,0
522,955,1,10,Human,10425609#0,306240162#0,213091.635,451303.575,211642.94,452890.83,0
523,957,1,10,Human,10425609#0,306240162#0,213091.635,451303.575,211642.94,452890.83,0
524,957,4,5,Human,-306240162#1,-266565295#5,211638.505,452888.985,213811.85,452244.51,4
525,959,1,75,Human,10425609#0,-201963533#1.145,213091.635,451303.575,211777.3825,451794.985,0
526,964,1,1,Human,10425609#0,-128361102#1,213091.635,451303.575,211388.46,451952.25,0
527,966,1,1,Human,10425609#0,-128361102#1,213091.635,451303.575,211388.46,451952.25,0
528,968,1,1,Human,10425609#0,-128361102#1,213091.635,451303.575,211388.46,451952.25,0
529,969,4,5,Human,-306240162#1,-266565295#5,211638.505,452888.985,213811.85,452244.51,4
530,970,1,1,Human,10425609#0,-128361102#1,213091.635,451303.575,211388.46,451952.25,0
531,973,11,3,Human,128361109#1,386687235,211442.47,452097.55,213478.36,452435.42,9
532,973,1,1,Human,10425609#0,-128361102#1,213091.635,451303.575,211388.46,451952.25,0
533,974,0,2,Human,315358244,32978638#0,212975.4675,453432.9725,213633.66,451984.92,7
534,976,82,1,Human,-10427692#6,-128361102#1,211897.71,451995.49,211388.46,451952.25,0
535,978,11,3,Human,128361109#1,386687235,211442.47,452097.55,213478.36,452435.42,9
536,981,55,5,Human,-201950263#6,-266565295#5,212746.61,453184.57,213811.85,452244.51,7
537,984,4,5,Human,-306240162#1,-266565295#5,211638.505,452888.985,213811.85,452244.51,4
538,984,11,2,Human,128361109#1,32978638#0,211442.47,452097.55,213633.66,451984.92,7
539,989,0,3,Human,315358244,386687235,212975.4675,453432.9725,213478.36,452435.42,7
540,990,11,5,Human,128361109#1,-266565295#5,211442.47,452097.55,213811.85,452244.51,1
541,994,11,3,Human,128361109#1,386687235,211442.47,452097.55,213478.36,452435.42,9
542,999,11,4,Human,128361109#1,399835085#1,211442.47,452097.55,212001.44,453157.175,1
543,1000,1,10,Human,10425609#0,306240162#0,213091.635,451303.575,211642.94,452890.83,0
544,1000,11,5,Human,128361109#1,-266565295#5,211442.47,452097.55,213811.85,452244.51,1
545,1002,4,5,Human,-306240162#1,-266565295#5,211638.505,452888.985,213811.85,452244.51,4
546,1002,11,5,Human,128361109#1,-266565295#5,211442.47,452097.55,213811.85,452244.51,1
547,1002,1,1,Human,10425609#0,-128361102#1,213091.635,451303.575,211388.46,451952.25,0
548,1003,83,1,Human,-22690206#1,-128361102#1,212814.505,451804.855,211388.46,451952.25,0
549,1004,1,10,Human,10425609#0,306240162#0,213091.635,451303.575,211642.94,452890.83,0
550,1004,11,5,Human,128361109#1,-266565295#5,211442.47,452097.55,213811.85,452244.51,1
551,1005,11,5,Human,128361109#1,-266565295#5,211442.47,452097.55,213811.85,452244.51,1
552,1007,11,5,Human,128361109#1,-266565295#5,211442.47,452097.55,213811.85,452244.51,1
553,1007,0,2,Human,315358244,32978638#0,212975.4675,453432.9725,213633.66,451984.92,7
554,1009,0,2,Human,315358244,32978638#0,212975.4675,453432.9725,213633.66,451984.92,7
555,1010,11,55,Human,128361109#1,176550249#4,211442.47,452097.55,212840.87,452415.74,8
556,1011,0,2,Human,315358244,32978638#0,212975.4675,453432.9725,213633.66,451984.92,7
557,1014,17,3,Human,-18809673#6,386687235,211318.32,451074.855,213478.36,452435.42,1
558,1016,4,76,Human,-306240162#1,24634513#0,211638.505,452888.985,212065.12,452213.73,1
559,1019,84,1,Human,-25145014#4,-128361102#1,212134.31,451555.47,211388.46,451952.25,0
560,1020,0,77,Human,315358244,-26677216#0,212975.4675,453432.9725,212886.595,452950.915,7
561,1024,16,5,Human,-32978638#0,-266565295#5,213640.75,451987.935,213811.85,452244.51,14
562,1029,11,2,Human,128361109#1,32978638#0,211442.47,452097.55,213633.66,451984.92,7
563,1033,4,52,Human,-306240162#1,4942376,211638.505,452888.985,213618.63,452666.15,4
564,1039,1,10,Human,10425609#0,306240162#0,213091.635,451303.575,211642.94,452890.83,0
565,1041,1,10,Human,10425609#0,306240162#0,213091.635,451303.575,211642.94,452890.83,0
566,1044,1,1,Human,10425609#0,-128361102#1,213091.635,451303.575,211388.46,451952.25,0
567,1046,1,1,Human,10425609#0,-128361102#1,213091.635,451303.575,211388.46,451952.25,0
568,1047,4,5,Human,-306240162#1,-266565295#5,211638.505,452888.985,213811.85,452244.51,4
569,1048,1,10,Human,10425609#0,306240162#0,213091.635,451303.575,211642.94,452890.83,0
570,1050,8,78,Human,266565295#5,-24693977#1,213807.23,452252.93,213198.2925,451894.01,5
571,1052,4,5,Human,-306240162#1,-266565295#5,211638.505,452888.985,213811.85,452244.51,4
572,1054,85,2,Human,-24634510#6,32978638#0,212344.635,452078.985,213633.66,451984.92,7
573,1055,1,1,Human,10425609#0,-128361102#1,213091.635,451303.575,211388.46,451952.25,0
574,1055,11,5,Human,128361109#1,-266565295#5,211442.47,452097.55,213811.85,452244.51,1
575,1056,1,10,Human,10425609#0,306240162#0,213091.635,451303.575,211642.94,452890.83,0
576,1058,1,1,Human,10425609#0,-128361102#1,213091.635,451303.575,211388.46,451952.25,0
577,1060,21,79,Human,24599188#0.94,-379510292,213342.76,451641.085,212243.84000000003,452544.085,1
578,1061,86,3,Human,286646456#0,386687235,211932.815,452760.645,213478.36,452435.42,4
579,1062,1,10,Human,10425609#0,306240162#0,213091.635,451303.575,211642.94,452890.83,0
580,1062,21,80,Human,24599188#0.94,-24634507,213342.76,451641.085,212908.115,451814.545,1
581,1064,1,1,Human,10425609#0,-128361102#1,213091.635,451303.575,211388.46,451952.25,0
582,1064,7,1,Human,272042143,-128361102#1,213484.675,452457.545,211388.46,451952.25,13
583,1065,1,81,Human,10425609#0,-201963522#3,213091.635,451303.575,211680.385,451397.68,0
584,1066,11,5,Human,128361109#1,-266565295#5,211442.47,452097.55,213811.85,452244.51,1
585,1070,0,3,Human,315358244,386687235,212975.4675,453432.9725,213478.36,452435.42,7
586,1070,7,1,Human,272042143,-128361102#1,213484.675,452457.545,211388.46,451952.25,13
587,1071,51,3,Human,176550249#4,386687235,212591.23,452310.34,213478.36,452435.42,9
588,1075,13,82,Human,-447569998#1,-201950247#3,213434.54,453008.69,213075.93,452708.705,1
589,1075,17,16,Human,-18809673#6,30482615#1,211318.32,451074.855,212028.14,450765.2,1
590,1078,4,5,Human,-306240162#1,-266565295#5,211638.505,452888.985,213811.85,452244.51,4
591,1078,13,4,Human,-447569998#1,399835085#1,213434.54,453008.69,212001.44,453157.175,1
592,1080,4,5,Human,-306240162#1,-266565295#5,211638.505,452888.985,213811.85,452244.51,4
593,1081,4,12,Human,-306240162#1,447569997#1,211638.505,452888.985,213435.6,452999.15,4
594,1084,4,2,Human,-306240162#1,32978638#0,211638.505,452888.985,213633.66,451984.92,4
595,1085,4,3,Human,-306240162#1,386687235,211638.505,452888.985,213478.36,452435.42,4
596,1090,87,5,Human,10427692#7,-266565295#5,211903.52,451996.87,213811.85,452244.51,1
597,1090,17,5,Human,-18809673#6,-266565295#5,211318.32,451074.855,213811.85,452244.51,1
598,1091,88,5,Human,-25187895#0,-266565295#5,212489.47,451424.665,213811.85,452244.51,1
599,1092,4,3,Human,-306240162#1,386687235,211638.505,452888.985,213478.36,452435.42,4
600,1092,11,3,Human,128361109#1,386687235,211442.47,452097.55,213478.36,452435.42,9
601,1095,11,83,Human,128361109#1,-24634510#5,211442.47,452097.55,212665.02,452133.815,8
602,1098,11,3,Human,128361109#1,386687235,211442.47,452097.55,213478.36,452435.42,9
603,1100,11,3,Human,128361109#1,386687235,211442.47,452097.55,213478.36,452435.42,9
604,1105,1,10,Human,10425609#0,306240162#0,213091.635,451303.575,211642.94,452890.83,0
605,1107,89,2,Human,-26677539,32978638#0,213010.655,452910.415,213633.66,451984.92,7
606,1107,1,1,Human,10425609#0,-128361102#1,213091.635,451303.575,211388.46,451952.25,0
607,1109,90,9,Human,201950247#7,201238729#3,213181.785,452601.375,211438.31,452110.43,13
608,1110,17,5,Human,-18809673#6,-266565295#5,211318.32,451074.855,213811.85,452244.51,1
609,1113,16,30,Human,-32978638#0,28319300#3,213640.75,451987.935,212239.235,452458.24,5
610,1117,91,1,Human,-24634517#16,-128361102#1,212403.545,451894.955,211388.46,451952.25,1
611,1118,4,3,Human,-306240162#1,386687235,211638.505,452888.985,213478.36,452435.42,4
612,1119,92,2,Human,201950263#0,32978638#0,212491.85,453010.46,213633.66,451984.92,7
613,1121,4,3,Human,-306240162#1,386687235,211638.505,452888.985,213478.36,452435.42,4
614,1123,4,3,Human,-306240162#1,386687235,211638.505,452888.985,213478.36,452435.42,4
615,1124,0,2,Human,315358244,32978638#0,212975.4675,453432.9725,213633.66,451984.92,7
616,1124,4,84,Human,-306240162#1,-24634518#0,211638.505,452888.985,212087.02,451869.585,1
617,1126,4,85,Human,-306240162#1,176550249#3,211638.505,452888.985,212590.95,452310.22,8
618,1128,0,3,Human,315358244,386687235,212975.4675,453432.9725,213478.36,452435.42,7
619,1131,17,20,Human,-18809673#6,272042145,211318.32,451074.855,213478.39,452442.76,1
620,1132,11,3,Human,128361109#1,386687235,211442.47,452097.55,213478.36,452435.42,9
621,1133,17,86,Human,-18809673#6,201950247#0,211318.32,451074.855,213047.505,452788.19,1
622,1139,93,2,Human,201201950#3,32978638#0,213058.9,452457.17,213633.66,451984.92,7
623,1140,4,2,Human,-306240162#1,32978638#0,211638.505,452888.985,213633.66,451984.92,4
624,1140,27,2,Human,28319300#3,32978638#0,212238.04,452544.145,213633.66,451984.92,4
625,1140,16,87,Human,-32978638#0,24634413#1,213640.75,451987.935,213138.58,452196.55,5
626,1144,11,3,Human,128361109#1,386687235,211442.47,452097.55,213478.36,452435.42,9
627,1152,94,3,Human,128361109#3,386687235,211815.32,452199.18,213478.36,452435.42,9
628,1152,4,3,Human,-306240162#1,386687235,211638.505,452888.985,213478.36,452435.42,4
629,1155,4,3,Human,-306240162#1,386687235,211638.505,452888.985,213478.36,452435.42,4
630,1157,16,9,Human,-32978638#0,201238729#3,213640.75,451987.935,211438.31,452110.43,5
631,1158,0,12,Human,315358244,447569997#1,212975.4675,453432.9725,213435.6,452999.15,7
632,1158,4,3,Human,-306240162#1,386687235,211638.505,452888.985,213478.36,452435.42,4
633,1158,16,9,Human,-32978638#0,201238729#3,213640.75,451987.935,211438.31,452110.43,5
634,1158,11,3,Human,128361109#1,386687235,211442.47,452097.55,213478.36,452435.42,9
635,1163,95,1,Human,23525483#7,-128361102#1,212481.115,451820.435,211388.46,451952.25,0
636,1164,4,88,Human,-306240162#1,28111977#0,211638.505,452888.985,211770.735,451534.43,13
637,1164,0,3,Human,315358244,386687235,212975.4675,453432.9725,213478.36,452435.42,7
638,1167,96,3,Human,-18809672#6,386687235,211711.06,451614.59,213478.36,452435.42,5
639,1167,51,3,Human,176550249#4,386687235,212591.23,452310.34,213478.36,452435.42,4
640,1173,97,3,Human,-24634417,386687235,213300.02,452296.75,213478.36,452435.42,4
641,1173,53,9,Human,176550249#1,201238729#3,212068.5,452219.52,211438.31,452110.43,13
642,1173,4,3,Human,-306240162#1,386687235,211638.505,452888.985,213478.36,452435.42,4
643,1173,11,4,Human,128361109#1,399835085#1,211442.47,452097.55,212001.44,453157.175,8
644,1175,11,2,Human,128361109#1,32978638#0,211442.47,452097.55,213633.66,451984.92,7
645,1176,4,3,Human,-306240162#1,386687235,211638.505,452888.985,213478.36,452435.42,4
646,1177,4,76,Human,-306240162#1,24634513#0,211638.505,452888.985,212065.12,452213.73,4
647,1179,11,2,Human,128361109#1,32978638#0,211442.47,452097.55,213633.66,451984.92,7
648,1182,0,3,Human,315358244,386687235,212975.4675,453432.9725,213478.36,452435.42,7
649,1192,4,3,Human,-306240162#1,386687235,211638.505,452888.985,213478.36,452435.42,4
650,1194,11,3,Human,128361109#1,386687235,211442.47,452097.55,213478.36,452435.42,9
651,1197,17,3,Human,-18809673#6,386687235,211318.32,451074.855,213478.36,452435.42,1
652,1198,17,3,Human,-18809673#6,386687235,211318.32,451074.855,213478.36,452435.42,1
653,1202,11,2,Human,128361109#1,32978638#0,211442.47,452097.55,213633.66,451984.92,7
654,1207,98,9,Human,201201945#3,201238729#3,212623.01,452632.065,211438.31,452110.43,3
655,1208,64,20,Human,-136728347#4,272042145,212422.34,451683.04,213478.39,452442.76,1
656,1211,4,3,Human,-306240162#1,386687235,211638.505,452888.985,213478.36,452435.42,4
657,1212,7,9,Human,272042143,201238729#3,213484.675,452457.545,211438.31,452110.43,13
658,1212,11,65,Human,128361109#1,24634411,211442.47,452097.55,212936.765,452442.57,8
659,1214,7,9,Human,272042143,201238729#3,213484.675,452457.545,211438.31,452110.43,13
660,1215,7,9,Human,272042143,201238729#3,213484.675,452457.545,211438.31,452110.43,13
661,1217,7,1,Human,272042143,-128361102#1,213484.675,452457.545,211388.46,451952.25,13
662,1218,7,10,Human,272042143,306240162#0,213484.675,452457.545,211642.94,452890.83,3
663,1220,7,9,Human,272042143,201238729#3,213484.675,452457.545,211438.31,452110.43,13
664,1220,4,12,Human,-306240162#1,447569997#1,211638.505,452888.985,213435.6,452999.15,4
665,1221,6,5,Human,201201953#4,-266565295#5,212565.76,452330.09,213811.85,452244.51,13
666,1223,7,9,Human,272042143,201238729#3,213484.675,452457.545,211438.31,452110.43,13
667,1225,7,9,Human,272042143,201238729#3,213484.675,452457.545,211438.31,452110.43,13
668,1225,8,89,Human,266565295#5,24634511,213807.23,452252.93,212635.315,452274.335,5
669,1226,7,10,Human,272042143,306240162#0,213484.675,452457.545,211642.94,452890.83,3
670,1229,4,3,Human,-306240162#1,386687235,211638.505,452888.985,213478.36,452435.42,4
671,1230,7,9,Human,272042143,201238729#3,213484.675,452457.545,211438.31,452110.43,13
672,1231,7,90,Human,272042143,40888359,213484.675,452457.545,212454.955,452765.495,3
673,1232,4,3,Human,-306240162#1,386687235,211638.505,452888.985,213478.36,452435.42,4
674,1233,7,4,Human,272042143,399835085#1,213484.675,452457.545,212001.44,453157.175,3
675,1235,7,91,Human,272042143,170018165#2,213484.675,452457.545,211783.77,452556.24,13
676,1236,4,3,Human,-306240162#1,386687235,211638.505,452888.985,213478.36,452435.42,4
677,1237,4,3,Human,-306240162#1,386687235,211638.505,452888.985,213478.36,452435.42,4
678,1239,11,3,Human,128361109#1,386687235,211442.47,452097.55,213478.36,452435.42,9
679,1241,0,12,Human,315358244,447569997#1,212975.4675,453432.9725,213435.6,452999.15,7
680,1243,99,10,Human,-22716073,306240162#0,212132.355,451619.995,211642.94,452890.83,13
681,1243,100,10,Human,25145014#0,306240162#0,212665.71,451616.355,211642.94,452890.83,13
682,1244,49,3,Human,-201950247#0,386687235,213053.065,452789.84,213478.36,452435.42,7
683,1244,7,10,Human,272042143,306240162#0,213484.675,452457.545,211642.94,452890.83,3
684,1244,11,3,Human,128361109#1,386687235,211442.47,452097.55,213478.36,452435.42,9
685,1244,16,9,Human,-32978638#0,201238729#3,213640.75,451987.935,211438.31,452110.43,5
686,1245,24,10,Human,-160314345#5,306240162#0,213480.015,452304.825,211642.94,452890.83,3
687,1245,11,3,Human,128361109#1,386687235,211442.47,452097.55,213478.36,452435.42,9
688,1246,7,10,Human,272042143,306240162#0,213484.675,452457.545,211642.94,452890.83,3
689,1247,7,9,Human,272042143,201238729#3,213484.675,452457.545,211438.31,452110.43,13
690,1250,0,92,Human,315358244,51857516#1,212975.4675,453432.9725,213659.92,452143.84,7
691,1258,0,2,Human,315358244,32978638#0,212975.4675,453432.9725,213633.66,451984.92,7
692,1258,0,2,Human,315358244,32978638#0,212975.4675,453432.9725,213633.66,451984.92,7
693,1259,0,2,Human,315358244,32978638#0,212975.4675,453432.9725,213633.66,451984.92,7
694,1259,0,93,Human,315358244,32999110#0,212975.4675,453432.9725,213396.5,452050.2025,7
695,1263,11,2,Human,128361109#1,32978638#0,211442.47,452097.55,213633.66,451984.92,8
696,1265,4,3,Human,-306240162#1,386687235,211638.505,452888.985,213478.36,452435.42,4
697,1269,0,3,Human,315358244,386687235,212975.4675,453432.9725,213478.36,452435.42,7
698,1273,4,3,Human,-306240162#1,386687235,211638.505,452888.985,213478.36,452435.42,4
699,1275,4,3,Human,-306240162#1,386687235,211638.505,452888.985,213478.36,452435.42,4
700,1278,0,3,Human,315358244,386687235,212975.4675,453432.9725,213478.36,452435.42,7
701,1283,11,3,Human,128361109#1,386687235,211442.47,452097.55,213478.36,452435.42,8
702,1285,11,3,Human,128361109#1,386687235,211442.47,452097.55,213478.36,452435.42,8
703,1286,4,20,Human,-306240162#1,272042145,211638.505,452888.985,213478.39,452442.76,4
704,1287,101,22,Human,-24634514#1,-83304175#2,212051.21,452155.1,213340.28,451635.835,1
705,1290,1,1,Human,10425609#0,-128361102#1,213091.635,451303.575,211388.46,451952.25,10
706,1291,16,94,Human,-32978638#0,201201953#12,213640.75,451987.935,211921.37,452227.84,5
707,1294,16,3,Human,-32978638#0,386687235,213640.75,451987.935,213478.36,452435.42,5
708,1298,4,20,Human,-306240162#1,272042145,211638.505,452888.985,213478.39,452442.76,4
709,1298,7,4,Human,272042143,399835085#1,213484.675,452457.545,212001.44,453157.175,3
710,1300,7,77,Human,272042143,-26677216#0,213484.675,452457.545,212886.595,452950.915,13
711,1301,11,3,Human,128361109#1,386687235,211442.47,452097.55,213478.36,452435.42,8
712,1303,4,20,Human,-306240162#1,272042145,211638.505,452888.985,213478.39,452442.76,4
713,1304,7,10,Human,272042143,306240162#0,213484.675,452457.545,211642.94,452890.83,3
714,1306,7,9,Human,272042143,201238729#3,213484.675,452457.545,211438.31,452110.43,13
715,1307,16,18,Human,-32978638#0,24634510#6,213640.75,451987.935,212342.785,452084.485,5
716,1307,7,9,Human,272042143,201238729#3,213484.675,452457.545,211438.31,452110.43,13
717,1309,11,4,Human,128361109#1,399835085#1,211442.47,452097.55,212001.44,453157.175,8
718,1309,7,4,Human,272042143,399835085#1,213484.675,452457.545,212001.44,453157.175,3
719,1310,4,89,Human,-306240162#1,24634511,211638.505,452888.985,212635.315,452274.335,8
720,1311,64,10,Human,-136728347#4,306240162#0,212422.34,451683.04,211642.94,452890.83,3
721,1314,8,95,Human,266565295#5,-201201945#0,213807.23,452252.93,212802.24,452494.04,5
722,1314,11,2,Human,128361109#1,32978638#0,211442.47,452097.55,213633.66,451984.92,8
723,1315,7,10,Human,272042143,306240162#0,213484.675,452457.545,211642.94,452890.83,3
724,1316,8,2,Human,266565295#5,32978638#0,213807.23,452252.93,213633.66,451984.92,5
725,1316,7,10,Human,272042143,306240162#0,213484.675,452457.545,211642.94,452890.83,3
726,1317,11,2,Human,128361109#1,32978638#0,211442.47,452097.55,213633.66,451984.92,8
727,1318,7,9,Human,272042143,201238729#3,213484.675,452457.545,211438.31,452110.43,13
728,1318,11,3,Human,128361109#1,386687235,211442.47,452097.55,213478.36,452435.42,8
729,1320,8,96,Human,266565295#5,-129379918#1,213807.23,452252.93,213249.65,452974.4,5
730,1320,7,9,Human,272042143,201238729#3,213484.675,452457.545,211438.31,452110.43,13
731,1323,11,3,Human,128361109#1,386687235,211442.47,452097.55,213478.36,452435.42,8
732,1323,7,9,Human,272042143,201238729#3,213484.675,452457.545,211438.31,452110.43,13
733,1325,17,3,Human,-18809673#6,386687235,211318.32,451074.855,213478.36,452435.42,1
734,1326,7,9,Human,272042143,201238729#3,213484.675,452457.545,211438.31,452110.43,13
735,1328,11,3,Human,128361109#1,386687235,211442.47,452097.55,213478.36,452435.42,8
736,1330,7,10,Human,272042143,306240162#0,213484.675,452457.545,211642.94,452890.83,3
737,1331,17,5,Human,-18809673#6,-266565295#5,211318.32,451074.855,213811.85,452244.51,1
738,1332,7,9,Human,272042143,201238729#3,213484.675,452457.545,211438.31,452110.43,13
739,1335,7,9,Human,272042143,201238729#3,213484.675,452457.545,211438.31,452110.43,13
740,1336,16,10,Human,-32978638#0,306240162#0,213640.75,451987.935,211642.94,452890.83,3
741,1337,11,3,Human,128361109#1,386687235,211442.47,452097.55,213478.36,452435.42,8
742,1337,7,10,Human,272042143,306240162#0,213484.675,452457.545,211642.94,452890.83,3
743,1338,102,3,Human,26677542#1,386687235,212869.205,453055.665,213478.36,452435.42,7
744,1338,4,20,Human,-306240162#1,272042145,211638.505,452888.985,213478.39,452442.76,4
745,1339,7,9,Human,272042143,201238729#3,213484.675,452457.545,211438.31,452110.43,13
746,1340,7,9,Human,272042143,201238729#3,213484.675,452457.545,211438.31,452110.43,13
747,1341,4,20,Human,-306240162#1,272042145,211638.505,452888.985,213478.39,452442.76,4
748,1346,17,5,Human,-18809673#6,-266565295#5,211318.32,451074.855,213811.85,452244.51,1
749,1348,4,20,Human,-306240162#1,272042145,211638.505,452888.985,213478.39,452442.76,4
750,1349,73,5,Human,-315392062#4,-266565295#5,212998.0,452182.605,213811.85,452244.51,1
751,1349,17,5,Human,-18809673#6,-266565295#5,211318.32,451074.855,213811.85,452244.51,1
752,1354,103,9,Human,-24634510#15,201238729#3,211980.63,452074.88,211438.31,452110.43,13
753,1355,17,5,Human,-18809673#6,-266565295#5,211318.32,451074.855,213811.85,452244.51,1
754,1359,17,16,Human,-18809673#6,30482615#1,211318.32,451074.855,212028.14,450765.2,5
755,1361,0,3,Human,315358244,386687235,212975.4675,453432.9725,213478.36,452435.42,7
756,1365,104,5,Human,24634414#5,-266565295#5,213262.8,452059.365,213811.85,452244.51,1
757,1366,10,5,Human,24634507,-266565295#5,212909.515,451808.915,213811.85,452244.51,1
758,1375,8,10,Human,266565295#5,306240162#0,213807.23,452252.93,211642.94,452890.83,3
759,1376,4,20,Human,-306240162#1,272042145,211638.505,452888.985,213478.39,452442.76,4
760,1376,8,9,Human,266565295#5,201238729#3,213807.23,452252.93,211438.31,452110.43,5
761,1377,16,4,Human,-32978638#0,399835085#1,213640.75,451987.935,212001.44,453157.175,5
762,1378,8,2,Human,266565295#5,32978638#0,213807.23,452252.93,213633.66,451984.92,5
763,1379,0,0,Human,315358244,-25149001#4,212975.4675,453432.9725,212672.595,451274.97,7
764,1380,8,97,Human,266565295#5,-170018165#3,213807.23,452252.93,211801.515,452498.72,5
765,1380,4,20,Human,-306240162#1,272042145,211638.505,452888.985,213478.39,452442.76,4
766,1381,8,10,Human,266565295#5,306240162#0,213807.23,452252.93,211642.94,452890.83,3
767,1381,0,98,Human,315358244,24634510#1,212975.4675,453432.9725,212430.33,452107.745,7
768,1381,11,20,Human,128361109#1,272042145,211442.47,452097.55,213478.39,452442.76,8
769,1382,8,9,Human,266565295#5,201238729#3,213807.23,452252.93,211438.31,452110.43,5
770,1382,8,9,Human,266565295#5,201238729#3,213807.23,452252.93,211438.31,452110.43,5
771,1383,11,20,Human,128361109#1,272042145,211442.47,452097.55,213478.39,452442.76,8
772,1385,7,9,Human,272042143,201238729#3,213484.675,452457.545,211438.31,452110.43,13
773,1385,0,2,Human,315358244,32978638#0,212975.4675,453432.9725,213633.66,451984.92,7
774,1386,0,2,Human,315358244,32978638#0,212975.4675,453432.9725,213633.66,451984.92,7
775,1388,11,20,Human,128361109#1,272042145,211442.47,452097.55,213478.39,452442.76,8
776,1388,0,3,Human,315358244,386687235,212975.4675,453432.9725,213478.36,452435.42,7
777,1388,7,9,Human,272042143,201238729#3,213484.675,452457.545,211438.31,452110.43,13
778,1389,4,4,Human,-306240162#1,399835085#1,211638.505,452888.985,212001.44,453157.175,4
779,1390,0,3,Human,315358244,386687235,212975.4675,453432.9725,213478.36,452435.42,7
780,1391,7,10,Human,272042143,306240162#0,213484.675,452457.545,211642.94,452890.83,3
781,1393,4,55,Human,-306240162#1,176550249#4,211638.505,452888.985,212840.87,452415.74,8
782,1397,7,10,Human,272042143,306240162#0,213484.675,452457.545,211642.94,452890.83,3
783,1397,8,9,Human,266565295#5,201238729#3,213807.23,452252.93,211438.31,452110.43,5
784,1398,7,9,Human,272042143,201238729#3,213484.675,452457.545,211438.31,452110.43,13
785,1401,17,3,Human,-18809673#6,386687235,211318.32,451074.855,213478.36,452435.42,1
786,1403,8,10,Human,266565295#5,306240162#0,213807.23,452252.93,211642.94,452890.83,3
787,1403,7,10,Human,272042143,306240162#0,213484.675,452457.545,211642.94,452890.83,3
788,1404,8,99,Human,266565295#5,-26677542#1,213807.23,452252.93,212872.935,453060.105,5
789,1404,0,2,Human,315358244,32978638#0,212975.4675,453432.9725,213633.66,451984.92,7
790,1405,7,10,Human,272042143,306240162#0,213484.675,452457.545,211642.94,452890.83,3
791,1408,8,9,Human,266565295#5,201238729#3,213807.23,452252.93,211438.31,452110.43,5
792,1409,7,10,Human,272042143,306240162#0,213484.675,452457.545,211642.94,452890.83,3
793,1409,105,1,Human,25190140#1,-128361102#1,212564.64,451219.615,211388.46,451952.25,3
794,1410,7,10,Human,272042143,306240162#0,213484.675,452457.545,211642.94,452890.83,3
795,1412,106,5,Human,-32124743,-266565295#5,213137.68,451705.44,213811.85,452244.51,1
796,1412,8,2,Human,266565295#5,32978638#0,213807.23,452252.93,213633.66,451984.92,5
797,1412,7,9,Human,272042143,201238729#3,213484.675,452457.545,211438.31,452110.43,13
798,1414,7,9,Human,272042143,201238729#3,213484.675,452457.545,211438.31,452110.43,13
799,1414,11,20,Human,128361109#1,272042145,211442.47,452097.55,213478.39,452442.76,8
800,1415,50,9,Human,-24634411,201238729#3,212931.69,452439.76,211438.31,452110.43,5
801,1415,7,9,Human,272042143,201238729#3,213484.675,452457.545,211438.31,452110.43,13
802,1416,16,9,Human,-32978638#0,201238729#3,213640.75,451987.935,211438.31,452110.43,5
803,1417,11,2,Human,128361109#1,32978638#0,211442.47,452097.55,213633.66,451984.92,8
804,1417,7,10,Human,272042143,306240162#0,213484.675,452457.545,211642.94,452890.83,3
805,1419,7,9,Human,272042143,201238729#3,213484.675,452457.545,211438.31,452110.43,13
806,1419,107,20,Human,23166741#5,272042145,213013.61,452486.19,213478.39,452442.76,8
807,1420,4,20,Human,-306240162#1,272042145,211638.505,452888.985,213478.39,452442.76,4
808,1421,7,9,Human,272042143,201238729#3,213484.675,452457.545,211438.31,452110.43,13
809,1421,11,20,Human,128361109#1,272042145,211442.47,452097.55,213478.39,452442.76,8
810,1422,7,100,Human,272042143,201950247#6,213484.675,452457.545,213171.76,452602.06,3
811,1424,7,10,Human,272042143,306240162#0,213484.675,452457.545,211642.94,452890.83,3
812,1425,16,4,Human,-32978638#0,399835085#1,213640.75,451987.935,212001.44,453157.175,5
813,1426,7,9,Human,272042143,201238729#3,213484.675,452457.545,211438.31,452110.43,13
814,1426,11,20,Human,128361109#1,272042145,211442.47,452097.55,213478.39,452442.76,8
815,1428,108,4,Human,25117391#0,399835085#1,212300.41,452881.115,212001.44,453157.175,3
816,1428,7,9,Human,272042143,201238729#3,213484.675,452457.545,211438.31,452110.43,13
817,1430,11,20,Human,128361109#1,272042145,211442.47,452097.55,213478.39,452442.76,8
818,1431,4,20,Human,-306240162#1,272042145,211638.505,452888.985,213478.39,452442.76,4
819,1431,49,2,Human,-201950247#0,32978638#0,213053.065,452789.84,213633.66,451984.92,7
820,1434,4,20,Human,-306240162#1,272042145,211638.505,452888.985,213478.39,452442.76,4
821,1435,1,10,Human,10425609#0,306240162#0,213091.635,451303.575,211642.94,452890.83,10
822,1436,11,20,Human,128361109#1,272042145,211442.47,452097.55,213478.39,452442.76,8
823,1436,1,1,Human,10425609#0,-128361102#1,213091.635,451303.575,211388.46,451952.25,10
824,1437,11,20,Human,128361109#1,272042145,211442.47,452097.55,213478.39,452442.76,8
825,1442,17,5,Human,-18809673#6,-266565295#5,211318.32,451074.855,213811.85,452244.51,1
826,1442,11,2,Human,128361109#1,32978638#0,211442.47,452097.55,213633.66,451984.92,8
827,1444,11,20,Human,128361109#1,272042145,211442.47,452097.55,213478.39,452442.76,8
828,1444,1,1,Human,10425609#0,-128361102#1,213091.635,451303.575,211388.46,451952.25,10
829,1446,1,1,Human,10425609#0,-128361102#1,213091.635,451303.575,211388.46,451952.25,10
830,1447,11,20,Human,128361109#1,272042145,211442.47,452097.55,213478.39,452442.76,8
831,1450,11,20,Human,128361109#1,272042145,211442.47,452097.55,213478.39,452442.76,8
832,1453,11,2,Human,128361109#1,32978638#0,211442.47,452097.55,213633.66,451984.92,8
833,1454,4,20,Human,-306240162#1,272042145,211638.505,452888.985,213478.39,452442.76,4
834,1455,4,20,Human,-306240162#1,272042145,211638.505,452888.985,213478.39,452442.76,4
835,1456,11,20,Human,128361109#1,272042145,211442.47,452097.55,213478.39,452442.76,8
836,1457,4,20,Human,-306240162#1,272042145,211638.505,452888.985,213478.39,452442.76,4
837,1458,11,4,Human,128361109#1,399835085#1,211442.47,452097.55,212001.44,453157.175,8
838,1463,1,10,Human,10425609#0,306240162#0,213091.635,451303.575,211642.94,452890.83,10
839,1464,8,9,Human,266565295#5,201238729#3,213807.23,452252.93,211438.31,452110.43,5
840,1465,11,20,Human,128361109#1,272042145,211442.47,452097.55,213478.39,452442.76,8
841,1466,8,10,Human,266565295#5,306240162#0,213807.23,452252.93,211642.94,452890.83,3
842,1467,8,10,Human,266565295#5,306240162#0,213807.23,452252.93,211642.94,452890.83,3
843,1468,8,10,Human,266565295#5,306240162#0,213807.23,452252.93,211642.94,452890.83,3
844,1469,11,20,Human,128361109#1,272042145,211442.47,452097.55,213478.39,452442.76,8
845,1470,8,9,Human,266565295#5,201238729#3,213807.23,452252.93,211438.31,452110.43,5
846,1470,11,20,Human,128361109#1,272042145,211442.47,452097.55,213478.39,452442.76,8
847,1470,1,1,Human,10425609#0,-128361102#1,213091.635,451303.575,211388.46,451952.25,10
848,1473,19,3,Human,-26677542#0,386687235,212861.46,453069.875,213478.36,452435.42,7
849,1474,0,3,Human,315358244,386687235,212975.4675,453432.9725,213478.36,452435.42,7
850,1475,0,2,Human,315358244,32978638#0,212975.4675,453432.9725,213633.66,451984.92,7
851,1476,1,1,Human,10425609#0,-128361102#1,213091.635,451303.575,211388.46,451952.25,10
852,1478,0,2,Human,315358244,32978638#0,212975.4675,453432.9725,213633.66,451984.92,7
853,1480,0,3,Human,315358244,386687235,212975.4675,453432.9725,213478.36,452435.42,7
854,1481,49,9,Human,-201950247#0,201238729#3,213053.065,452789.84,211438.31,452110.43,13
855,1482,109,20,Human,-224892339#3,272042145,212059.575,452797.085,213478.39,452442.76,4
856,1487,8,9,Human,266565295#5,201238729#3,213807.23,452252.93,211438.31,452110.43,5
857,1487,7,10,Human,272042143,306240162#0,213484.675,452457.545,211642.94,452890.83,3
858,1488,0,101,Human,315358244,-201238718#1,212975.4675,453432.9725,212868.26,452367.03,7
859,1489,32,2,Human,-24634509#7,32978638#0,212847.145,452042.39,213633.66,451984.92,1
860,1490,0,2,Human,315358244,32978638#0,212975.4675,453432.9725,213633.66,451984.92,7
861,1491,7,10,Human,272042143,306240162#0,213484.675,452457.545,211642.94,452890.83,3
862,1492,0,102,Human,315358244,53396619#3,212975.4675,453432.9725,213145.99,452689.835,7
863,1492,0,2,Human,315358244,32978638#0,212975.4675,453432.9725,213633.66,451984.92,7
864,1496,1,1,Human,10425609#0,-128361102#1,213091.635,451303.575,211388.46,451952.25,10
865,1497,0,12,Human,315358244,447569997#1,212975.4675,453432.9725,213435.6,452999.15,7
866,1498,8,9,Human,266565295#5,201238729#3,213807.23,452252.93,211438.31,452110.43,5
867,1500,110,10,Human,-233675413#0,306240162#0,212476.12,451690.46,211642.94,452890.83,10
868,1501,7,10,Human,272042143,306240162#0,213484.675,452457.545,211642.94,452890.83,3
869,1501,17,5,Human,-18809673#6,-266565295#5,211318.32,451074.855,213811.85,452244.51,1
870,1503,7,10,Human,272042143,306240162#0,213484.675,452457.545,211642.94,452890.83,3
871,1503,16,10,Human,-32978638#0,306240162#0,213640.75,451987.935,211642.94,452890.83,3
872,1505,17,5,Human,-18809673#6,-266565295#5,211318.32,451074.855,213811.85,452244.51,1
873,1506,17,5,Human,-18809673#6,-266565295#5,211318.32,451074.855,213811.85,452244.51,1
874,1517,11,20,Human,128361109#1,272042145,211442.47,452097.55,213478.39,452442.76,8
875,1517,37,81,Human,201201935#0,-201963522#3,211141.53,451674.18,211680.385,451397.68,8
876,1518,1,1,Human,10425609#0,-128361102#1,213091.635,451303.575,211388.46,451952.25,10
877,1519,1,10,Human,10425609#0,306240162#0,213091.635,451303.575,211642.94,452890.83,10
878,1520,4,20,Human,-306240162#1,272042145,211638.505,452888.985,213478.39,452442.76,4
879,1521,11,20,Human,128361109#1,272042145,211442.47,452097.55,213478.39,452442.76,8
880,1521,1,10,Human,10425609#0,306240162#0,213091.635,451303.575,211642.94,452890.83,10
881,1523,11,20,Human,128361109#1,272042145,211442.47,452097.55,213478.39,452442.76,8
882,1523,1,1,Human,10425609#0,-128361102#1,213091.635,451303.575,211388.46,451952.25,10
883,1526,11,20,Human,128361109#1,272042145,211442.47,452097.55,213478.39,452442.76,8
884,1528,11,2,Human,128361109#1,32978638#0,211442.47,452097.55,213633.66,451984.92,8
885,1531,4,20,Human,-306240162#1,272042145,211638.505,452888.985,213478.39,452442.76,4
886,1535,4,20,Human,-306240162#1,272042145,211638.505,452888.985,213478.39,452442.76,4
887,1536,4,3,Human,-306240162#1,386687235,211638.505,452888.985,213478.36,452435.42,4
888,1538,4,3,Human,-306240162#1,386687235,211638.505,452888.985,213478.36,452435.42,4
889,1539,11,5,Human,128361109#1,-266565295#5,211442.47,452097.55,213811.85,452244.51,8
890,1539,4,3,Human,-306240162#1,386687235,211638.505,452888.985,213478.36,452435.42,4
891,1543,4,3,Human,-306240162#1,386687235,211638.505,452888.985,213478.36,452435.42,4
892,1545,77,3,Human,-40888356#6,386687235,212389.775,452327.155,213478.36,452435.42,4
893,1545,17,5,Human,-18809673#6,-266565295#5,211318.32,451074.855,213811.85,452244.51,1
894,1546,4,3,Human,-306240162#1,386687235,211638.505,452888.985,213478.36,452435.42,4
895,1548,4,3,Human,-306240162#1,386687235,211638.505,452888.985,213478.36,452435.42,4
896,1548,1,1,Human,10425609#0,-128361102#1,213091.635,451303.575,211388.46,451952.25,10
897,1549,24,1,Human,-160314345#5,-128361102#1,213480.015,452304.825,211388.46,451952.25,10
898,1549,4,2,Human,-306240162#1,32978638#0,211638.505,452888.985,213633.66,451984.92,4
899,1550,57,20,Human,176550249#0,272042145,211922.89,452213.87,213478.39,452442.76,8
900,1555,68,10,Human,24634411,306240162#0,213043.62,452220.67,211642.94,452890.83,3
901,1557,8,10,Human,266565295#5,306240162#0,213807.23,452252.93,211642.94,452890.83,3
902,1558,111,3,Human,28319300#0,386687235,212350.62,452822.42,213478.36,452435.42,4
903,1558,4,3,Human,-306240162#1,386687235,211638.505,452888.985,213478.36,452435.42,4
904,1559,4,2,Human,-306240162#1,32978638#0,211638.505,452888.985,213633.66,451984.92,4
905,1561,112,10,Human,-201950263#10,306240162#0,212986.375,453340.595,211642.94,452890.83,3
906,1562,4,3,Human,-306240162#1,386687235,211638.505,452888.985,213478.36,452435.42,4
907,1563,47,3,Human,315392062#0,386687235,213156.245,451990.345,213478.36,452435.42,5
908,1564,4,3,Human,-306240162#1,386687235,211638.505,452888.985,213478.36,452435.42,4
909,1566,4,3,Human,-306240162#1,386687235,211638.505,452888.985,213478.36,452435.42,4
910,1574,0,2,Human,315358244,32978638#0,212975.4675,453432.9725,213633.66,451984.92,7
911,1578,1,1,Human,10425609#0,-128361102#1,213091.635,451303.575,211388.46,451952.25,10
912,1580,1,1,Human,10425609#0,-128361102#1,213091.635,451303.575,211388.46,451952.25,10
913,1580,13,4,Human,-447569998#1,399835085#1,213434.54,453008.69,212001.44,453157.175,10
914,1582,4,3,Human,-306240162#1,386687235,211638.505,452888.985,213478.36,452435.42,4
915,1583,113,10,Human,-24634517#3,306240162#0,212047.175,451832.05,211642.94,452890.83,10
916,1584,114,3,Human,-201201945#6,386687235,212473.23,452736.995,213478.36,452435.42,4
917,1585,4,2,Human,-306240162#1,32978638#0,211638.505,452888.985,213633.66,451984.92,4
918,1586,4,3,Human,-306240162#1,386687235,211638.505,452888.985,213478.36,452435.42,4
919,1589,42,9,Human,24634513#0,201238729#3,212250.8,452064.83,211438.31,452110.43,8
920,1589,4,90,Human,-306240162#1,40888359,211638.505,452888.985,212454.955,452765.495,4
921,1591,115,2,Human,-40888351#2,32978638#0,213197.235,452922.725,213633.66,451984.92,7
922,1591,0,2,Human,315358244,32978638#0,212975.4675,453432.9725,213633.66,451984.92,7
923,1591,16,4,Human,-32978638#0,399835085#1,213640.75,451987.935,212001.44,453157.175,5
924,1592,16,9,Human,-32978638#0,201238729#3,213640.75,451987.935,211438.31,452110.43,5
925,1594,0,2,Human,315358244,32978638#0,212975.4675,453432.9725,213633.66,451984.92,7
926,1594,16,9,Human,-32978638#0,201238729#3,213640.75,451987.935,211438.31,452110.43,5
927,1596,4,3,Human,-306240162#1,386687235,211638.505,452888.985,213478.36,452435.42,4
928,1596,16,9,Human,-32978638#0,201238729#3,213640.75,451987.935,211438.31,452110.43,5
929,1599,17,5,Human,-18809673#6,-266565295#5,211318.32,451074.855,213811.85,452244.51,1
930,1601,16,9,Human,-32978638#0,201238729#3,213640.75,451987.935,211438.31,452110.43,5
931,1602,16,103,Human,-32978638#0,-201201945#0.78,213640.75,451987.935,212829.9,452448.0,5
932,1604,116,10,Human,173203413#0,306240162#0,212502.855,452508.195,211642.94,452890.83,13
933,1604,16,4,Human,-32978638#0,399835085#1,213640.75,451987.935,212001.44,453157.175,5
934,1604,11,3,Human,128361109#1,386687235,211442.47,452097.55,213478.36,452435.42,8
935,1606,11,20,Human,128361109#1,272042145,211442.47,452097.55,213478.39,452442.76,8
936,1607,8,2,Human,266565295#5,32978638#0,213807.23,452252.93,213633.66,451984.92,5
937,1607,4,3,Human,-306240162#1,386687235,211638.505,452888.985,213478.36,452435.42,4
938,1608,117,3,Human,32395327#0,386687235,211678.79,451517.33,213478.36,452435.42,10
939,1608,11,20,Human,128361109#1,272042145,211442.47,452097.55,213478.39,452442.76,8
940,1609,11,3,Human,128361109#1,386687235,211442.47,452097.55,213478.36,452435.42,8
941,1611,11,20,Human,128361109#1,272042145,211442.47,452097.55,213478.39,452442.76,8
942,1613,11,3,Human,128361109#1,386687235,211442.47,452097.55,213478.36,452435.42,8
943,1614,11,3,Human,128361109#1,386687235,211442.47,452097.55,213478.36,452435.42,8
944,1615,1,1,Human,10425609#0,-128361102#1,213091.635,451303.575,211388.46,451952.25,10
945,1616,11,3,Human,128361109#1,386687235,211442.47,452097.55,213478.36,452435.42,8
946,1616,1,1,Human,10425609#0,-128361102#1,213091.635,451303.575,211388.46,451952.25,10
947,1618,11,3,Human,128361109#1,386687235,211442.47,452097.55,213478.36,452435.42,8
948,1618,4,3,Human,-306240162#1,386687235,211638.505,452888.985,213478.36,452435.42,4
949,1619,11,3,Human,128361109#1,386687235,211442.47,452097.55,213478.36,452435.42,8
950,1621,1,1,Human,10425609#0,-128361102#1,213091.635,451303.575,211388.46,451952.25,10
951,1621,0,2,Human,315358244,32978638#0,212975.4675,453432.9725,213633.66,451984.92,7
952,1621,4,3,Human,-306240162#1,386687235,211638.505,452888.985,213478.36,452435.42,4
953,1622,118,10,Human,-54169231#0,306240162#0,212886.475,452799.205,211642.94,452890.83,3
954,1622,0,3,Human,315358244,386687235,212975.4675,453432.9725,213478.36,452435.42,7
955,1624,119,1,Human,31860333#0,-128361102#1,211972.66,451485.305,211388.46,451952.25,10
956,1626,0,3,Human,315358244,386687235,212975.4675,453432.9725,213478.36,452435.42,7
957,1631,1,1,Human,10425609#0,-128361102#1,213091.635,451303.575,211388.46,451952.25,10
958,1632,4,4,Human,-306240162#1,399835085#1,211638.505,452888.985,212001.44,453157.175,4
959,1641,98,2,Human,201201945#3,32978638#0,212623.01,452632.065,213633.66,451984.92,4
960,1642,21,10,Human,24599188#0.94,306240162#0,213342.76,451641.085,211642.94,452890.83,3
961,1644,21,9,Human,24599188#0.94,201238729#3,213342.76,451641.085,211438.31,452110.43,10
962,1648,4,104,Human,-306240162#1,24634507,211638.505,452888.985,213104.35,451858.955,10
963,1649,1,1,Human,10425609#0,-128361102#1,213091.635,451303.575,211388.46,451952.25,10
964,1650,21,10,Human,24599188#0.94,306240162#0,213342.76,451641.085,211642.94,452890.83,3
965,1652,21,9,Human,24599188#0.94,201238729#3,213342.76,451641.085,211438.31,452110.43,10
966,1654,4,2,Human,-306240162#1,32978638#0,211638.505,452888.985,213633.66,451984.92,4
967,1654,21,10,Human,24599188#0.94,306240162#0,213342.76,451641.085,211642.94,452890.83,3
968,1654,17,5,Human,-18809673#6,-266565295#5,211318.32,451074.855,213811.85,452244.51,1
969,1656,21,4,Human,24599188#0.94,399835085#1,213342.76,451641.085,212001.44,453157.175,3
970,1657,4,3,Human,-306240162#1,386687235,211638.505,452888.985,213478.36,452435.42,4
971,1662,8,98,Human,266565295#5,24634510#1,213807.23,452252.93,212430.33,452107.745,5
972,1664,120,3,Human,24634417,386687235,213280.13,452432.555,213478.36,452435.42,5
973,1665,17,16,Human,-18809673#6,30482615#1,211318.32,451074.855,212028.14,450765.2,10
974,1667,121,105,Human,218647954,-201950247#5,212214.44,451810.81,213119.515,452635.465,8
975,1671,11,4,Human,128361109#1,399835085#1,211442.47,452097.55,212001.44,453157.175,8
976,1673,4,3,Human,-306240162#1,386687235,211638.505,452888.985,213478.36,452435.42,4
977,1676,53,3,Human,176550249#1,386687235,212068.5,452219.52,213478.36,452435.42,8
978,1677,4,3,Human,-306240162#1,386687235,211638.505,452888.985,213478.36,452435.42,4
979,1679,17,5,Human,-18809673#6,-266565295#5,211318.32,451074.855,213811.85,452244.51,1
980,1681,122,106,Human,-24634513#5,-23436553#2,212062.15,452212.55,212564.35,451810.125,10
981,1682,0,2,Human,315358244,32978638#0,212975.4675,453432.9725,213633.66,451984.92,7
982,1682,8,2,Human,266565295#5,32978638#0,213807.23,452252.93,213633.66,451984.92,5
983,1682,16,71,Human,-32978638#0,-315358252#1,213640.75,451987.935,213186.12,453103.96,5
984,1684,123,2,Human,201238724,32978638#0,212841.705,452206.43,213633.66,451984.92,10
985,1684,16,10,Human,-32978638#0,306240162#0,213640.75,451987.935,211642.94,452890.83,3
986,1688,11,3,Human,128361109#1,386687235,211442.47,452097.55,213478.36,452435.42,8
987,1689,16,107,Human,-32978638#0,-315358246,213640.75,451987.935,213116.69,453233.9,5
988,1690,124,10,Human,-170018165#3,306240162#0,211730.955,452669.455,211642.94,452890.83,3
989,1694,125,3,Human,-201950259#6,386687235,212486.115,453001.065,213478.36,452435.42,4
990,1694,1,1,Human,10425609#0,-128361102#1,213091.635,451303.575,211388.46,451952.25,10
991,1695,21,21,Human,24599188#0.94,-201238724,213342.76,451641.085,212836.39,452204.11,10
992,1697,1,1,Human,10425609#0,-128361102#1,213091.635,451303.575,211388.46,451952.25,10
993,1699,21,10,Human,24599188#0.94,306240162#0,213342.76,451641.085,211642.94,452890.83,3
994,1701,21,10,Human,24599188#0.94,306240162#0,213342.76,451641.085,211642.94,452890.83,3
995,1702,16,10,Human,-32978638#0,306240162#0,213640.75,451987.935,211642.94,452890.83,3
996,1703,21,9,Human,24599188#0.94,201238729#3,213342.76,451641.085,211438.31,452110.43,10
997,1709,0,2,Human,315358244,32978638#0,212975.4675,453432.9725,213633.66,451984.92,7
998,1709,0,3,Human,315358244,386687235,212975.4675,453432.9725,213478.36,452435.42,7
999,1710,40,9,Human,-24634510#5,201238729#3,212430.715,452101.96,211438.31,452110.43,10
1000,1710,0,2,Human,315358244,32978638#0,212975.4675,453432.9725,213633.66,451984.92,7
1001,1712,126,108,Human,26677214#5,-24634413#0,212886.765,452957.535,213054.91,452451.22,10
1002,1714,45,4,Human,-224892361#8,399835085#1,211865.015,452381.815,212001.44,453157.175,10
1003,1717,123,2,Human,201238724,32978638#0,212841.705,452206.43,213633.66,451984.92,10
1004,1720,1,1,Human,10425609#0,-128361102#1,213091.635,451303.575,211388.46,451952.25,10
1005,1727,127,10,Human,24608845,306240162#0,212836.165,452098.0500000001,211642.94,452890.83,10
1006,1727,4,3,Human,-306240162#1,386687235,211638.505,452888.985,213478.36,452435.42,4
1007,1732,4,3,Human,-306240162#1,386687235,211638.505,452888.985,213478.36,452435.42,4
1008,1740,0,3,Human,315358244,386687235,212975.4675,453432.9725,213478.36,452435.42,7
1009,1743,128,9,Human,24634509#1,201238729#3,212903.0,451817.85,211438.31,452110.43,10
1010,1744,17,5,Human,-18809673#6,-266565295#5,211318.32,451074.855,213811.85,452244.51,1
1011,1745,4,3,Human,-306240162#1,386687235,211638.505,452888.985,213478.36,452435.42,4
1012,1748,4,3,Human,-306240162#1,386687235,211638.505,452888.985,213478.36,452435.42,4
1013,1749,4,3,Human,-306240162#1,386687235,211638.505,452888.985,213478.36,452435.42,4
1014,1753,129,10,Human,-201238718#0,306240162#0,212873.73,452353.9,211642.94,452890.83,10
1015,1753,4,3,Human,-306240162#1,386687235,211638.505,452888.985,213478.36,452435.42,4
1016,1754,4,3,Human,-306240162#1,386687235,211638.505,452888.985,213478.36,452435.42,4
1017,1755,16,5,Human,-32978638#0,-266565295#5,213640.75,451987.935,213811.85,452244.51,14
1018,1756,130,3,Human,18809672#7,386687235,211702.245,451601.75,213478.36,452435.42,1
1019,1757,4,3,Human,-306240162#1,386687235,211638.505,452888.985,213478.36,452435.42,4
1020,1760,17,5,Human,-18809673#6,-266565295#5,211318.32,451074.855,213811.85,452244.51,1
1021,1767,11,4,Human,128361109#1,399835085#1,211442.47,452097.55,212001.44,453157.175,8
1022,1768,11,3,Human,128361109#1,386687235,211442.47,452097.55,213478.36,452435.42,8
1023,1772,16,55,Human,-32978638#0,176550249#4,213640.75,451987.935,212840.87,452415.74,5
1024,1776,16,109,Human,-32978638#0,-315392062#4,213640.75,451987.935,213151.17,451987.545,5
1025,1776,4,20,Human,-306240162#1,272042145,211638.505,452888.985,213478.39,452442.76,4
1026,1777,4,20,Human,-306240162#1,272042145,211638.505,452888.985,213478.39,452442.76,4
1027,1778,11,3,Human,128361109#1,386687235,211442.47,452097.55,213478.36,452435.42,8
1028,1780,11,4,Human,128361109#1,399835085#1,211442.47,452097.55,212001.44,453157.175,8
1029,1786,11,3,Human,128361109#1,386687235,211442.47,452097.55,213478.36,452435.42,8
1030,1790,131,5,Human,25149001#4,-266565295#5,212675.845,451279.77,213811.85,452244.51,1
1031,1790,17,108,Human,-18809673#6,-24634413#0,211318.32,451074.855,213054.91,452451.22,1
1032,1791,13,2,Human,-447569998#1,32978638#0,213434.54,453008.69,213633.66,451984.92,7
1033,1795,0,3,Human,315358244,386687235,212975.4675,453432.9725,213478.36,452435.42,7
1034,1798,43,9,Human,40888360#0,201238729#3,212744.5,452410.79,211438.31,452110.43,13
