id,start_time,origin,destination,kind,origin_real_id,dest_real_id,origin_x,origin_y,dest_x,dest_y
0,5,0,0,Human,315358244,-25149001#4,212975.4675,453432.9725,212672.595,451274.97
1,5,1,1,Human,10425609#0,-128361102#1,213091.635,451303.575,211388.46000000002,451952.25
2,11,2,2,Human,24608844,32978638#0,213600.04499999998,452309.8,213633.66,451984.92
3,11,0,3,Human,315358244,386687235,212975.4675,453432.9725,213478.36,452435.42
4,11,3,3,Human,315358250#0,386687235,213010.6175,453383.065,213478.36,452435.42
5,12,4,3,Human,-306240162#1,386687235,211638.505,452888.985,213478.36,452435.42
6,13,4,4,Human,-306240162#1,399835085#1,211638.505,452888.985,212001.44,453157.175
7,15,4,3,Human,-306240162#1,386687235,211638.505,452888.985,213478.36,452435.42
8,17,4,3,Human,-306240162#1,386687235,211638.505,452888.985,213478.36,452435.42
9,25,5,2,Human,201201950#1,32978638#0,212938.88,452449.41,213633.66,451984.92
10,26,4,3,Human,-306240162#1,386687235,211638.505,452888.985,213478.36,452435.42
11,28,4,3,Human,-306240162#1,386687235,211638.505,452888.985,213478.36,452435.42
12,30,0,3,Human,315358244,386687235,212975.4675,453432.9725,213478.36,452435.42
13,31,6,5,Human,201201953#4,-266565295#5,212565.76,452330.09,213811.85,452244.51
14,33,1,1,Human,10425609#0,-128361102#1,213091.635,451303.575,211388.46000000002,451952.25
15,37,4,3,Human,-306240162#1,386687235,211638.505,452888.985,213478.36,452435.42
16,39,7,6,Human,272042143,24634414#1,213484.675,452457.545,213210.56,452282.365
17,55,8,7,Human,266565295#5,-24634415,213807.23,452252.93,213265.68,452105.80000000005
18,56,9,8,Human,22716069#0,24634517#13,212648.485,451697.03,212403.965,451889.175
19,57,8,9,Human,266565295#5,201238729#3,213807.23,452252.93,211438.31,452110.43
20,57,4,3,Human,-306240162#1,386687235,211638.505,452888.985,213478.36,452435.42
21,58,10,5,Human,24634507,-266565295#5,212909.515,451808.91500000004,213811.85,452244.51
22,60,11,4,Human,128361109#1,399835085#1,211442.47,452097.55,212001.44,453157.175
23,61,7,9,Human,272042143,201238729#3,213484.675,452457.545,211438.31,452110.43
24,69,12,10,Human,315358242#0,306240162#0,213272.11,452897.16,211642.94,452890.83
25,72,11,3,Human,128361109#1,386687235,211442.47,452097.55,213478.36,452435.42
26,72,13,11,Human,-447569998#1,-26677539,213434.54,453008.69,213132.695,453002.015
27,73,11,3,Human,128361109#1,386687235,211442.47,452097.55,213478.36,452435.42
28,75,11,3,Human,128361109#1,386687235,211442.47,452097.55,213478.36,452435.42
29,77,11,2,Human,128361109#1,32978638#0,211442.47,452097.55,213633.66,451984.92
30,77,4,3,Human,-306240162#1,386687235,211638.505,452888.985,213478.36,452435.42
31,79,11,3,Human,128361109#1,386687235,211442.47,452097.55,213478.36,452435.42
32,80,0,12,Human,315358244,447569997#1,212975.4675,453432.9725,213435.6,452999.15
33,81,4,3,Human,-306240162#1,386687235,211638.505,452888.985,213478.36,452435.42
34,82,13,4,Human,-447569998#1,399835085#1,213434.54,453008.69,212001.44,453157.175
35,82,14,3,Human,-54169231#2,386687235,212973.83500000002,452759.08999999997,213478.36,452435.42
36,82,11,3,Human,128361109#1,386687235,211442.47,452097.55,213478.36,452435.42
37,82,0,2,Human,315358244,32978638#0,212975.4675,453432.9725,213633.66,451984.92
38,83,4,3,Human,-306240162#1,386687235,211638.505,452888.985,213478.36,452435.42
39,86,4,3,Human,-306240162#1,386687235,211638.505,452888.985,213478.36,452435.42
40,88,0,3,Human,315358244,386687235,212975.4675,453432.9725,213478.36,452435.42
41,89,11,3,Human,128361109#1,386687235,211442.47,452097.55,213478.36,452435.42
42,91,11,3,Human,128361109#1,386687235,211442.47,452097.55,213478.36,452435.42
43,92,11,2,Human,128361109#1,32978638#0,211442.47,452097.55,213633.66,451984.92
44,93,4,3,Human,-306240162#1,386687235,211638.505,452888.985,213478.36,452435.42
45,94,11,3,Human,128361109#1,386687235,211442.47,452097.55,213478.36,452435.42
46,96,11,13,Human,128361109#1,40888354#0,211442.47,452097.55,213168.41499999998,452820.44
47,101,15,1,Human,-10427692#1,-128361102#1,211769.91,451851.51,211388.46000000002,451952.25
48,101,4,4,Human,-306240162#1,399835085#1,211638.505,452888.985,212001.44,453157.175
49,105,4,3,Human,-306240162#1,386687235,211638.505,452888.985,213478.36,452435.42
50,106,16,5,Human,-32978638#0,-266565295#5,213640.75,451987.935,213811.85,452244.51
51,109,4,3,Human,-306240162#1,386687235,211638.505,452888.985,213478.36,452435.42
52,112,0,12,Human,315358244,447569997#1,212975.4675,453432.9725,213435.6,452999.15
53,119,17,5,Human,-18809673#6,-266565295#5,211318.32,451074.855,213811.85,452244.51
54,125,7,10,Human,272042143,306240162#0,213484.675,452457.545,211642.94,452890.83
55,127,18,2,Human,201950247#3,32978638#0,213070.49,452706.71499999997,213633.66,451984.92
56,128,7,4,Human,272042143,399835085#1,213484.675,452457.545,212001.44,453157.175
57,129,1,1,Human,10425609#0,-128361102#1,213091.635,451303.575,211388.46000000002,451952.25
58,131,7,10,Human,272042143,306240162#0,213484.675,452457.545,211642.94,452890.83
59,132,1,1,Human,10425609#0,-128361102#1,213091.635,451303.575,211388.46000000002,451952.25
60,133,4,3,Human,-306240162#1,386687235,211638.505,452888.985,213478.36,452435.42
61,134,1,1,Human,10425609#0,-128361102#1,213091.635,451303.575,211388.46000000002,451952.25
62,135,16,5,Human,-32978638#0,-266565295#5,213640.75,451987.935,213811.85,452244.51
63,136,7,10,Human,272042143,306240162#0,213484.675,452457.545,211642.94,452890.83
64,136,1,1,Human,10425609#0,-128361102#1,213091.635,451303.575,211388.46000000002,451952.25
65,139,7,9,Human,272042143,201238729#3,213484.675,452457.545,211438.31,452110.43
66,140,19,12,Human,-26677542#0,447569997#1,212861.46,453069.875,213435.6,452999.15
67,141,20,3,Human,26677213#0,386687235,212783.0,452608.015,213478.36,452435.42
68,141,7,4,Human,272042143,399835085#1,213484.675,452457.545,212001.44,453157.175
69,142,8,9,Human,266565295#5,201238729#3,213807.23,452252.93,211438.31,452110.43
70,149,13,14,Human,-447569998#1,315358242#0,213434.54,453008.69,213322.49,452739.76
71,149,8,9,Human,266565295#5,201238729#3,213807.23,452252.93,211438.31,452110.43
72,150,8,15,Human,266565295#5,-24634506#2,213807.23,452252.93,212923.875,452069.915
73,152,4,16,Human,-306240162#1,30482615#1,211638.505,452888.985,212028.14,450765.2
74,154,4,3,Human,-306240162#1,386687235,211638.505,452888.985,213478.36,452435.42
75,154,13,4,Human,-447569998#1,399835085#1,213434.54,453008.69,212001.44,453157.175
76,155,4,3,Human,-306240162#1,386687235,211638.505,452888.985,213478.36,452435.42
77,158,21,17,Human,24599188#0.94,-10427692#3,213342.76,451641.08499999996,211783.375,451881.39
78,160,22,9,Human,176550249#3,201238729#3,212398.57,452249.84,211438.31,452110.43
79,160,4,18,Human,-306240162#1,24634510#6,211638.505,452888.985,212342.785,452084.485
80,164,11,3,Human,128361109#1,386687235,211442.47,452097.55,213478.36,452435.42
81,166,11,3,Human,128361109#1,386687235,211442.47,452097.55,213478.36,452435.42
82,167,23,2,Human,-24634413#2,32978638#0,213167.65999999997,452053.11,213633.66,451984.92
83,169,11,3,Human,128361109#1,386687235,211442.47,452097.55,213478.36,452435.42
84,171,11,3,Human,128361109#1,386687235,211442.47,452097.55,213478.36,452435.42
85,172,11,3,Human,128361109#1,386687235,211442.47,452097.55,213478.36,452435.42
86,176,11,4,Human,128361109#1,399835085#1,211442.47,452097.55,212001.44,453157.175
87,178,11,3,Human,128361109#1,386687235,211442.47,452097.55,213478.36,452435.42
88,179,11,3,Human,128361109#1,386687235,211442.47,452097.55,213478.36,452435.42
89,181,4,3,Human,-306240162#1,386687235,211638.505,452888.985,213478.36,452435.42
90,181,11,3,Human,128361109#1,386687235,211442.47,452097.55,213478.36,452435.42
91,181,0,2,Human,315358244,32978638#0,212975.4675,453432.9725,213633.66,451984.92
92,183,4,3,Human,-306240162#1,386687235,211638.505,452888.985,213478.36,452435.42
93,186,4,3,Human,-306240162#1,386687235,211638.505,452888.985,213478.36,452435.42
94,188,4,3,Human,-306240162#1,386687235,211638.505,452888.985,213478.36,452435.42
95,189,24,19,Human,-160314345#5,-24634505,213480.015,452304.825,212865.60499999998,452150.26
96,189,4,3,Human,-306240162#1,386687235,211638.505,452888.985,213478.36,452435.42
97,191,4,3,Human,-306240162#1,386687235,211638.505,452888.985,213478.36,452435.42
98,192,4,3,Human,-306240162#1,386687235,211638.505,452888.985,213478.36,452435.42
99,194,1,1,Human,10425609#0,-128361102#1,213091.635,451303.575,211388.46000000002,451952.25
100,195,11,3,Human,128361109#1,386687235,211442.47,452097.55,213478.36,452435.42
101,197,25,10,Human,24634517#1,306240162#0,212025.5,451709.68000000005,211642.94,452890.83
102,199,4,3,Human,-306240162#1,386687235,211638.505,452888.985,213478.36,452435.42
103,201,0,3,Human,315358244,386687235,212975.4675,453432.9725,213478.36,452435.42
104,203,0,12,Human,315358244,447569997#1,212975.4675,453432.9725,213435.6,452999.15
105,204,4,3,Human,-306240162#1,386687235,211638.505,452888.985,213478.36,452435.42
106,204,17,3,Human,-18809673#6,386687235,211318.32,451074.855,213478.36,452435.42
107,212,4,3,Human,-306240162#1,386687235,211638.505,452888.985,213478.36,452435.42
108,213,4,20,Human,-306240162#1,272042145,211638.505,452888.985,213478.39,452442.76
109,220,1,10,Human,10425609#0,306240162#0,213091.635,451303.575,211642.94,452890.83
110,221,4,20,Human,-306240162#1,272042145,211638.505,452888.985,213478.39,452442.76
111,221,26,3,Human,201238726#0.117,386687235,211898.18,452192.08249999996,213478.36,452435.42
112,223,7,9,Human,272042143,201238729#3,213484.675,452457.545,211438.31,452110.43
113,225,7,4,Human,272042143,399835085#1,213484.675,452457.545,212001.44,453157.175
114,226,4,3,Human,-306240162#1,386687235,211638.505,452888.985,213478.36,452435.42
115,226,7,10,Human,272042143,306240162#0,213484.675,452457.545,211642.94,452890.83
116,228,7,9,Human,272042143,201238729#3,213484.675,452457.545,211438.31,452110.43
117,229,17,3,Human,-18809673#6,386687235,211318.32,451074.855,213478.36,452435.42
118,230,7,4,Human,272042143,399835085#1,213484.675,452457.545,212001.44,453157.175
119,231,7,10,Human,272042143,306240162#0,213484.675,452457.545,211642.94,452890.83
120,233,7,4,Human,272042143,399835085#1,213484.675,452457.545,212001.44,453157.175
121,233,4,3,Human,-306240162#1,386687235,211638.505,452888.985,213478.36,452435.42
122,234,7,10,Human,272042143,306240162#0,213484.675,452457.545,211642.94,452890.83
123,235,0,21,Human,315358244,-201238724,212975.4675,453432.9725,212836.39,452204.11
124,236,7,10,Human,272042143,306240162#0,213484.675,452457.545,211642.94,452890.83
125,238,7,9,Human,272042143,201238729#3,213484.675,452457.545,211438.31,452110.43
126,238,8,21,Human,266565295#5,-201238724,213807.23,452252.93,212836.39,452204.11
127,240,27,2,Human,28319300#3,32978638#0,212238.03999999998,452544.145,213633.66,451984.92
128,245,16,10,Human,-32978638#0,306240162#0,213640.75,451987.935,211642.94,452890.83
129,245,4,20,Human,-306240162#1,272042145,211638.505,452888.985,213478.39,452442.76
130,245,17,22,Human,-18809673#6,-83304175#2,211318.32,451074.855,213340.28,451635.83499999996
131,246,16,10,Human,-32978638#0,306240162#0,213640.75,451987.935,211642.94,452890.83
132,248,11,3,Human,128361109#1,386687235,211442.47,452097.55,213478.36,452435.42
133,248,16,9,Human,-32978638#0,201238729#3,213640.75,451987.935,211438.31,452110.43
134,249,11,3,Human,128361109#1,386687235,211442.47,452097.55,213478.36,452435.42
135,258,4,3,Human,-306240162#1,386687235,211638.505,452888.985,213478.36,452435.42
136,260,11,3,Human,128361109#1,386687235,211442.47,452097.55,213478.36,452435.42
137,261,28,9,Human,-399835085#0,201238729#3,212144.33500000002,453005.3,211438.31,452110.43
138,262,0,23,Human,315358244,26677541,212975.4675,453432.9725,213017.6,453046.28
139,264,29,3,Human,-160314345#2,386687235,213207.6,452277.045,213478.36,452435.42
140,265,4,24,Human,-306240162#1,201238718#0,211638.505,452888.985,212879.05,452356.22
141,267,11,3,Human,128361109#1,386687235,211442.47,452097.55,213478.36,452435.42
142,267,4,3,Human,-306240162#1,386687235,211638.505,452888.985,213478.36,452435.42
143,268,30,25,Human,168702040#1,-25145014#0,213570.04,452107.55,212666.33000000002,451610.58999999997
144,269,4,3,Human,-306240162#1,386687235,211638.505,452888.985,213478.36,452435.42
145,269,11,3,Human,128361109#1,386687235,211442.47,452097.55,213478.36,452435.42
146,271,11,26,Human,128361109#1,24634509#1,211442.47,452097.55,212852.71,452044.03
147,272,11,3,Human,128361109#1,386687235,211442.47,452097.55,213478.36,452435.42
148,280,4,16,Human,-306240162#1,30482615#1,211638.505,452888.985,212028.14,450765.2
149,281,1,1,Human,10425609#0,-128361102#1,213091.635,451303.575,211388.46000000002,451952.25
150,283,11,3,Human,128361109#1,386687235,211442.47,452097.55,213478.36,452435.42
151,285,11,3,Human,128361109#1,386687235,211442.47,452097.55,213478.36,452435.42
152,286,16,12,Human,-32978638#0,447569997#1,213640.75,451987.935,213435.6,452999.15
153,288,16,27,Human,-32978638#0,-315358242#1,213640.75,451987.935,213331.87,452741.83
154,289,11,28,Human,128361109#1,-315358242#0,211442.47,452097.55,213281.13,452900.43
155,289,16,9,Human,-32978638#0,201238729#3,213640.75,451987.935,211438.31,452110.43
156,292,8,9,Human,266565295#5,201238729#3,213807.23,452252.93,211438.31,452110.43
157,292,4,29,Human,-306240162#1,402600768#1,211638.505,452888.985,213484.76,452070.75
158,293,31,2,Human,24634416,32978638#0,213252.9,452163.91500000004,213633.66,451984.92
159,293,4,3,Human,-306240162#1,386687235,211638.505,452888.985,213478.36,452435.42
160,295,4,3,Human,-306240162#1,386687235,211638.505,452888.985,213478.36,452435.42
161,296,4,3,Human,-306240162#1,386687235,211638.505,452888.985,213478.36,452435.42
162,298,4,3,Human,-306240162#1,386687235,211638.505,452888.985,213478.36,452435.42
163,299,11,3,Human,128361109#1,386687235,211442.47,452097.55,213478.36,452435.42
164,301,11,3,Human,128361109#1,386687235,211442.47,452097.55,213478.36,452435.42
165,305,16,30,Human,-32978638#0,28319300#3,213640.75,451987.935,212239.235,452458.24
166,305,17,5,Human,-18809673#6,-266565295#5,211318.32,451074.855,213811.85,452244.51
167,306,32,9,Human,-24634509#7,201238729#3,212847.14500000002,452042.39,211438.31,452110.43
168,307,33,9,Human,-137454133#5,201238729#3,212153.36,452323.795,211438.31,452110.43
169,308,4,31,Human,-306240162#1,-201963533#4,211638.505,452888.985,212028.91,451703.04
170,315,0,3,Human,315358244,386687235,212975.4675,453432.9725,213478.36,452435.42
171,317,0,3,Human,315358244,386687235,212975.4675,453432.9725,213478.36,452435.42
172,320,4,3,Human,-306240162#1,386687235,211638.505,452888.985,213478.36,452435.42
173,320,0,3,Human,315358244,386687235,212975.4675,453432.9725,213478.36,452435.42
174,323,8,32,Human,266565295#5,24608845,213807.23,452252.93,212875.45,452147.735
175,323,4,33,Human,-306240162#1,-25190140#1,211638.505,452888.985,212561.26,451214.905
176,324,0,16,Human,315358244,30482615#1,212975.4675,453432.9725,212028.14,450765.2
177,324,4,34,Human,-306240162#1,137454133#2,211638.505,452888.985,212147.62,452322.965
178,326,8,9,Human,266565295#5,201238729#3,213807.23,452252.93,211438.31,452110.43
179,329,34,10,Human,-315358257#0.26,306240162#0,212259.43,452900.09,211642.94,452890.83
180,329,8,9,Human,266565295#5,201238729#3,213807.23,452252.93,211438.31,452110.43
181,330,8,9,Human,266565295#5,201238729#3,213807.23,452252.93,211438.31,452110.43
182,331,16,10,Human,-32978638#0,306240162#0,213640.75,451987.935,211642.94,452890.83
183,332,17,3,Human,-18809673#6,386687235,211318.32,451074.855,213478.36,452435.42
184,335,11,3,Human,128361109#1,386687235,211442.47,452097.55,213478.36,452435.42
185,335,16,12,Human,-32978638#0,447569997#1,213640.75,451987.935,213435.6,452999.15
186,335,21,35,Human,24599188#0.94,201201950#1,213342.76,451641.08499999996,213032.07,452458.87
187,336,11,3,Human,128361109#1,386687235,211442.47,452097.55,213478.36,452435.42
188,337,16,9,Human,-32978638#0,201238729#3,213640.75,451987.935,211438.31,452110.43
189,338,16,10,Human,-32978638#0,306240162#0,213640.75,451987.935,211642.94,452890.83
190,339,1,1,Human,10425609#0,-128361102#1,213091.635,451303.575,211388.46000000002,451952.25
191,340,17,36,Human,-18809673#6,40888354#1,211318.32,451074.855,213173.475,452766.685
192,340,11,3,Human,128361109#1,386687235,211442.47,452097.55,213478.36,452435.42
193,342,11,4,Human,128361109#1,399835085#1,211442.47,452097.55,212001.44,453157.175
194,343,1,10,Human,10425609#0,306240162#0,213091.635,451303.575,211642.94,452890.83
195,346,1,1,Human,10425609#0,-128361102#1,213091.635,451303.575,211388.46000000002,451952.25
196,347,11,3,Human,128361109#1,386687235,211442.47,452097.55,213478.36,452435.42
197,347,0,2,Human,315358244,32978638#0,212975.4675,453432.9725,213633.66,451984.92
198,348,13,37,Human,-447569998#1,40888356#0,213434.54,453008.69,212383.985,452326.845
199,351,11,3,Human,128361109#1,386687235,211442.47,452097.55,213478.36,452435.42
200,351,4,3,Human,-306240162#1,386687235,211638.505,452888.985,213478.36,452435.42
201,353,11,3,Human,128361109#1,386687235,211442.47,452097.55,213478.36,452435.42
202,354,4,20,Human,-306240162#1,272042145,211638.505,452888.985,213478.39,452442.76
203,355,0,2,Human,315358244,32978638#0,212975.4675,453432.9725,213633.66,451984.92
204,356,4,20,Human,-306240162#1,272042145,211638.505,452888.985,213478.39,452442.76
205,357,4,20,Human,-306240162#1,272042145,211638.505,452888.985,213478.39,452442.76
206,359,4,20,Human,-306240162#1,272042145,211638.505,452888.985,213478.39,452442.76
207,362,4,38,Human,-306240162#1,138300620#0,211638.505,452888.985,212419.41499999998,452110.69999999995
208,366,11,3,Human,128361109#1,386687235,211442.47,452097.55,213478.36,452435.42
209,368,4,20,Human,-306240162#1,272042145,211638.505,452888.985,213478.39,452442.76
210,370,35,3,Human,-26677216#0,386687235,212982.09,452766.76,213478.36,452435.42
211,374,11,3,Human,128361109#1,386687235,211442.47,452097.55,213478.36,452435.42
212,375,36,20,Human,286646456#1,272042145,211979.33500000002,452780.735,213478.39,452442.76
213,376,0,39,Human,315358244,-201238718#0,212975.4675,453432.9725,212979.68,452196.755
214,377,16,10,Human,-32978638#0,306240162#0,213640.75,451987.935,211642.94,452890.83
215,378,1,10,Human,10425609#0,306240162#0,213091.635,451303.575,211642.94,452890.83
216,379,11,2,Human,128361109#1,32978638#0,211442.47,452097.55,213633.66,451984.92
217,380,11,40,Human,128361109#1,-22724699#1,211442.47,452097.55,212624.945,452617.33499999996
218,381,8,9,Human,266565295#5,201238729#3,213807.23,452252.93,211438.31,452110.43
219,382,11,3,Human,128361109#1,386687235,211442.47,452097.55,213478.36,452435.42
220,382,1,1,Human,10425609#0,-128361102#1,213091.635,451303.575,211388.46000000002,451952.25
221,383,37,41,Human,201201935#0,-32395288#1,211141.53,451674.18,211731.37,451271.77
222,383,8,9,Human,266565295#5,201238729#3,213807.23,452252.93,211438.31,452110.43
223,384,11,3,Human,128361109#1,386687235,211442.47,452097.55,213478.36,452435.42
224,386,11,3,Human,128361109#1,386687235,211442.47,452097.55,213478.36,452435.42
225,387,11,20,Human,128361109#1,272042145,211442.47,452097.55,213478.39,452442.76
226,389,11,3,Human,128361109#1,386687235,211442.47,452097.55,213478.36,452435.42
227,390,38,10,Human,-24634414#1,306240162#0,213216.13,452283.985,211642.94,452890.83
228,395,4,20,Human,-306240162#1,272042145,211638.505,452888.985,213478.39,452442.76
229,396,16,5,Human,-32978638#0,-266565295#5,213640.75,451987.935,213811.85,452244.51
230,398,4,4,Human,-306240162#1,399835085#1,211638.505,452888.985,212001.44,453157.175
231,399,11,3,Human,128361109#1,386687235,211442.47,452097.55,213478.36,452435.42
232,399,4,20,Human,-306240162#1,272042145,211638.505,452888.985,213478.39,452442.76
233,400,4,20,Human,-306240162#1,272042145,211638.505,452888.985,213478.39,452442.76
234,402,4,20,Human,-306240162#1,272042145,211638.505,452888.985,213478.39,452442.76
235,403,4,20,Human,-306240162#1,272042145,211638.505,452888.985,213478.39,452442.76
236,411,4,20,Human,-306240162#1,272042145,211638.505,452888.985,213478.39,452442.76
237,412,4,5,Human,-306240162#1,-266565295#5,211638.505,452888.985,213811.85,452244.51
238,413,39,9,Human,23166741#2,201238729#3,213173.07,452474.34,211438.31,452110.43
239,413,40,20,Human,-24634510#5,272042145,212430.715,452101.95999999996,213478.39,452442.76
240,414,41,2,Human,201238719#0,32978638#0,211899.24,452235.18,213633.66,451984.92
241,414,4,2,Human,-306240162#1,32978638#0,211638.505,452888.985,213633.66,451984.92
242,418,42,20,Human,24634513#0,272042145,212250.8,452064.83,213478.39,452442.76
243,419,11,3,Human,128361109#1,386687235,211442.47,452097.55,213478.36,452435.42
244,423,4,10,Human,-306240162#1,306240162#0,211638.505,452888.985,211642.94,452890.83
245,423,4,20,Human,-306240162#1,272042145,211638.505,452888.985,213478.39,452442.76
246,424,16,10,Human,-32978638#0,306240162#0,213640.75,451987.935,211642.94,452890.83
247,427,11,3,Human,128361109#1,386687235,211442.47,452097.55,213478.36,452435.42
248,429,43,20,Human,40888360#0,272042145,212744.5,452410.79000000004,213478.39,452442.76
249,429,11,20,Human,128361109#1,272042145,211442.47,452097.55,213478.39,452442.76
250,434,16,10,Human,-32978638#0,306240162#0,213640.75,451987.935,211642.94,452890.83
251,435,0,3,Human,315358244,386687235,212975.4675,453432.9725,213478.36,452435.42
252,438,11,20,Human,128361109#1,272042145,211442.47,452097.55,213478.39,452442.76
253,446,1,1,Human,10425609#0,-128361102#1,213091.635,451303.575,211388.46000000002,451952.25
254,448,1,1,Human,10425609#0,-128361102#1,213091.635,451303.575,211388.46000000002,451952.25
255,450,17,5,Human,-18809673#6,-266565295#5,211318.32,451074.855,213811.85,452244.51
256,450,11,20,Human,128361109#1,272042145,211442.47,452097.55,213478.39,452442.76
257,450,1,42,Human,10425609#0,-218647954,213091.635,451303.575,212214.255,451816.61
258,451,11,4,Human,128361109#1,399835085#1,211442.47,452097.55,212001.44,453157.175
259,452,1,1,Human,10425609#0,-128361102#1,213091.635,451303.575,211388.46000000002,451952.25
260,453,31,2,Human,24634416,32978638#0,213252.9,452163.91500000004,213633.66,451984.92
261,453,11,2,Human,128361109#1,32978638#0,211442.47,452097.55,213633.66,451984.92
262,455,1,1,Human,10425609#0,-128361102#1,213091.635,451303.575,211388.46000000002,451952.25
263,456,4,20,Human,-306240162#1,272042145,211638.505,452888.985,213478.39,452442.76
264,458,4,20,Human,-306240162#1,272042145,211638.505,452888.985,213478.39,452442.76
265,459,4,5,Human,-306240162#1,-266565295#5,211638.505,452888.985,213811.85,452244.51
266,462,44,20,Human,24634510#1,272042145,212663.995,452139.52,213478.39,452442.76
267,462,21,4,Human,24599188#0.94,399835085#1,213342.76,451641.08499999996,212001.44,453157.175
268,464,0,3,Human,315358244,386687235,212975.4675,453432.9725,213478.36,452435.42
269,465,21,43,Human,24599188#0.94,22724699#7,213342.76,451641.08499999996,212272.47,452437.7
270,468,43,2,Human,40888360#0,32978638#0,212744.5,452410.79000000004,213633.66,451984.92
271,474,45,10,Human,-224892361#8,306240162#0,211865.015,452381.815,211642.94,452890.83
272,474,11,4,Human,128361109#1,399835085#1,211442.47,452097.55,212001.44,453157.175
273,481,16,9,Human,-32978638#0,201238729#3,213640.75,451987.935,211438.31,452110.43
274,481,4,5,Human,-306240162#1,-266565295#5,211638.505,452888.985,213811.85,452244.51
275,482,2,2,Human,24608844,32978638#0,213600.04499999998,452309.8,213633.66,451984.92
276,483,16,44,Human,-32978638#0,26677214#3,213640.75,451987.935,212821.45500000002,452899.6
277,484,16,10,Human,-32978638#0,306240162#0,213640.75,451987.935,211642.94,452890.83
278,487,46,3,Human,54169231#1,386687235,212881.24,452796.69999999995,213478.36,452435.42
279,491,1,1,Human,10425609#0,-128361102#1,213091.635,451303.575,211388.46000000002,451952.25
280,495,47,20,Human,315392062#0,272042145,213156.245,451990.345,213478.39,452442.76
281,495,1,1,Human,10425609#0,-128361102#1,213091.635,451303.575,211388.46000000002,451952.25
282,500,1,1,Human,10425609#0,-128361102#1,213091.635,451303.575,211388.46000000002,451952.25
283,500,4,20,Human,-306240162#1,272042145,211638.505,452888.985,213478.39,452442.76
284,504,48,3,Human,53396619#4,386687235,213145.7,452689.745,213478.36,452435.42
285,507,49,3,Human,-201950247#0,386687235,213053.065,452789.83999999997,213478.36,452435.42
286,508,1,1,Human,10425609#0,-128361102#1,213091.635,451303.575,211388.46000000002,451952.25
287,512,21,4,Human,24599188#0.94,399835085#1,213342.76,451641.08499999996,212001.44,453157.175
288,515,50,12,Human,-24634411,447569997#1,212931.69,452439.76,213435.6,452999.15
289,515,22,20,Human,176550249#3,272042145,212398.57,452249.84,213478.39,452442.76
290,516,16,45,Human,-32978638#0,24634414#2,213640.75,451987.935,213241.83000000002,452166.63
291,517,16,10,Human,-32978638#0,306240162#0,213640.75,451987.935,211642.94,452890.83
292,521,7,1,Human,272042143,-128361102#1,213484.675,452457.545,211388.46000000002,451952.25
293,521,16,46,Human,-32978638#0,-160314346#0,213640.75,451987.935,212876.35,452157.925
294,522,7,4,Human,272042143,399835085#1,213484.675,452457.545,212001.44,453157.175
295,524,11,20,Human,128361109#1,272042145,211442.47,452097.55,213478.39,452442.76
296,524,4,5,Human,-306240162#1,-266565295#5,211638.505,452888.985,213811.85,452244.51
297,525,17,5,Human,-18809673#6,-266565295#5,211318.32,451074.855,213811.85,452244.51
298,528,11,47,Human,128361109#1,201201953#10,211442.47,452097.55,211972.52,452232.29
299,529,11,5,Human,128361109#1,-266565295#5,211442.47,452097.55,213811.85,452244.51
300,531,51,20,Human,176550249#4,272042145,212591.23,452310.34,213478.39,452442.76
301,533,4,20,Human,-306240162#1,272042145,211638.505,452888.985,213478.39,452442.76
302,534,4,5,Human,-306240162#1,-266565295#5,211638.505,452888.985,213811.85,452244.51
303,536,4,5,Human,-306240162#1,-266565295#5,211638.505,452888.985,213811.85,452244.51
304,537,11,20,Human,128361109#1,272042145,211442.47,452097.55,213478.39,452442.76
305,541,17,5,Human,-18809673#6,-266565295#5,211318.32,451074.855,213811.85,452244.51
306,546,11,20,Human,128361109#1,272042145,211442.47,452097.55,213478.39,452442.76
307,547,11,20,Human,128361109#1,272042145,211442.47,452097.55,213478.39,452442.76
308,548,17,5,Human,-18809673#6,-266565295#5,211318.32,451074.855,213811.85,452244.51
309,549,11,5,Human,128361109#1,-266565295#5,211442.47,452097.55,213811.85,452244.51
310,551,11,5,Human,128361109#1,-266565295#5,211442.47,452097.55,213811.85,452244.51
311,552,4,5,Human,-306240162#1,-266565295#5,211638.505,452888.985,213811.85,452244.51
312,555,52,20,Human,-24634505,272042145,212842.27000000002,452191.025,213478.39,452442.76
313,562,0,2,Human,315358244,32978638#0,212975.4675,453432.9725,213633.66,451984.92
314,563,0,3,Human,315358244,386687235,212975.4675,453432.9725,213478.36,452435.42
315,564,0,3,Human,315358244,386687235,212975.4675,453432.9725,213478.36,452435.42
316,565,0,2,Human,315358244,32978638#0,212975.4675,453432.9725,213633.66,451984.92
317,572,0,3,Human,315358244,386687235,212975.4675,453432.9725,213478.36,452435.42
318,573,11,20,Human,128361109#1,272042145,211442.47,452097.55,213478.39,452442.76
319,578,8,48,Human,266565295#5,28111977#9,213807.23,452252.93,212473.195,451372.475
320,579,36,16,Human,286646456#1,30482615#1,211979.33500000002,452780.735,212028.14,450765.2
321,588,39,9,Human,23166741#2,201238729#3,213173.07,452474.34,211438.31,452110.43
322,593,8,49,Human,266565295#5,-25145011#0,213807.23,452252.93,212799.735,451424.525
323,593,4,50,Human,-306240162#1,-170018165#0,211638.505,452888.985,211856.56,452362.91
324,599,4,5,Human,-306240162#1,-266565295#5,211638.505,452888.985,213811.85,452244.51
325,600,17,5,Human,-18809673#6,-266565295#5,211318.32,451074.855,213811.85,452244.51
326,603,16,10,Human,-32978638#0,306240162#0,213640.75,451987.935,211642.94,452890.83
327,606,16,5,Human,-32978638#0,-266565295#5,213640.75,451987.935,213811.85,452244.51
328,607,7,10,Human,272042143,306240162#0,213484.675,452457.545,211642.94,452890.83
329,610,7,9,Human,272042143,201238729#3,213484.675,452457.545,211438.31,452110.43
330,611,7,10,Human,272042143,306240162#0,213484.675,452457.545,211642.94,452890.83
331,613,7,9,Human,272042143,201238729#3,213484.675,452457.545,211438.31,452110.43
332,614,7,10,Human,272042143,306240162#0,213484.675,452457.545,211642.94,452890.83
333,615,0,51,Human,315358244,23166741#5,212975.4675,453432.9725,212848.59,452448.23
334,616,7,10,Human,272042143,306240162#0,213484.675,452457.545,211642.94,452890.83
335,616,53,52,Human,176550249#1,4942376,212068.5,452219.52,213618.63,452666.15
336,618,7,9,Human,272042143,201238729#3,213484.675,452457.545,211438.31,452110.43
337,622,54,1,Human,28111977#8,-128361102#1,212286.395,451412.07,211388.46000000002,451952.25
338,634,11,20,Human,128361109#1,272042145,211442.47,452097.55,213478.39,452442.76
339,637,11,4,Human,128361109#1,399835085#1,211442.47,452097.55,212001.44,453157.175
340,645,55,20,Human,-201950263#6,272042145,212746.61,453184.56999999995,213478.39,452442.76
341,645,17,5,Human,-18809673#6,-266565295#5,211318.32,451074.855,213811.85,452244.51
342,652,56,10,Human,-24634413#0,306240162#0,213125.165,452252.92500000005,211642.94,452890.83
343,653,57,15,Human,176550249#0,-24634506#2,211922.89,452213.87,212923.875,452069.915
344,667,0,53,Human,315358244,24634506#2,212975.4675,453432.9725,212853.915,452054.905
345,667,7,10,Human,272042143,306240162#0,213484.675,452457.545,211642.94,452890.83
346,670,0,2,Human,315358244,32978638#0,212975.4675,453432.9725,213633.66,451984.92
347,673,24,54,Human,-160314345#5,31860333#1,213480.015,452304.825,211840.025,451531.305
348,674,58,3,Human,129379925,386687235,213253.03,452942.47,213478.36,452435.42
349,675,7,10,Human,272042143,306240162#0,213484.675,452457.545,211642.94,452890.83
350,676,4,40,Human,-306240162#1,-22724699#1,211638.505,452888.985,212624.945,452617.33499999996
351,676,8,10,Human,266565295#5,306240162#0,213807.23,452252.93,211642.94,452890.83
352,676,7,10,Human,272042143,306240162#0,213484.675,452457.545,211642.94,452890.83
353,678,7,9,Human,272042143,201238729#3,213484.675,452457.545,211438.31,452110.43
354,679,0,3,Human,315358244,386687235,212975.4675,453432.9725,213478.36,452435.42
355,680,7,55,Human,272042143,176550249#4,213484.675,452457.545,212840.87,452415.74
356,680,13,56,Human,-447569998#1,-315358258,213434.54,453008.69,212144.10499999998,453005.495
357,680,0,3,Human,315358244,386687235,212975.4675,453432.9725,213478.36,452435.42
358,680,0,3,Human,315358244,386687235,212975.4675,453432.9725,213478.36,452435.42
359,681,8,10,Human,266565295#5,306240162#0,213807.23,452252.93,211642.94,452890.83
360,682,1,57,Human,10425609#0,26642363,213091.635,451303.575,212094.025,451366.13
361,684,7,10,Human,272042143,306240162#0,213484.675,452457.545,211642.94,452890.83
362,686,59,10,Human,-28319300#2,306240162#0,212244.0,452558.485,211642.94,452890.83
363,686,7,10,Human,272042143,306240162#0,213484.675,452457.545,211642.94,452890.83
364,686,17,5,Human,-18809673#6,-266565295#5,211318.32,451074.855,213811.85,452244.51
365,688,7,4,Human,272042143,399835085#1,213484.675,452457.545,212001.44,453157.175
366,691,7,9,Human,272042143,201238729#3,213484.675,452457.545,211438.31,452110.43
367,692,7,58,Human,272042143,224892361#3,213484.675,452457.545,212001.02000000002,452447.47
368,693,47,2,Human,315392062#0,32978638#0,213156.245,451990.345,213633.66,451984.92
369,694,60,5,Human,-22716549#6,-266565295#5,212918.94,451755.98,213811.85,452244.51
370,694,7,10,Human,272042143,306240162#0,213484.675,452457.545,211642.94,452890.83
371,695,22,9,Human,176550249#3,201238729#3,212398.57,452249.84,211438.31,452110.43
372,696,7,9,Human,272042143,201238729#3,213484.675,452457.545,211438.31,452110.43
373,697,7,9,Human,272042143,201238729#3,213484.675,452457.545,211438.31,452110.43
374,699,7,9,Human,272042143,201238729#3,213484.675,452457.545,211438.31,452110.43
375,706,0,3,Human,315358244,386687235,212975.4675,453432.9725,213478.36,452435.42
376,707,7,9,Human,272042143,201238729#3,213484.675,452457.545,211438.31,452110.43
377,710,7,10,Human,272042143,306240162#0,213484.675,452457.545,211642.94,452890.83
378,711,7,10,Human,272042143,306240162#0,213484.675,452457.545,211642.94,452890.83
379,714,17,5,Human,-18809673#6,-266565295#5,211318.32,451074.855,213811.85,452244.51
380,715,61,2,Human,-201089423#1,32978638#0,213198.16,451813.82,213633.66,451984.92
381,721,62,2,Human,-25117391#2,32978638#0,212476.77000000002,453007.31,213633.66,451984.92
382,726,11,3,Human,128361109#1,386687235,211442.47,452097.55,213478.36,452435.42
383,726,63,5,Human,-201201945#0,-266565295#5,212746.91499999998,452548.92000000004,213811.85,452244.51
384,729,64,1,Human,-136728347#4,-128361102#1,212422.34,451683.04000000004,211388.46000000002,451952.25
385,729,0,59,Human,315358244,-160314345#0,212975.4675,453432.9725,213000.09,452198.56
386,732,11,3,Human,128361109#1,386687235,211442.47,452097.55,213478.36,452435.42
387,733,65,2,Human,315358242#1,32978638#0,213322.54,452739.58,213633.66,451984.92
388,736,66,1,Human,22879845,-128361102#1,212676.79,452005.16,211388.46000000002,451952.25
389,738,16,12,Human,-32978638#0,447569997#1,213640.75,451987.935,213435.6,452999.15
390,741,4,5,Human,-306240162#1,-266565295#5,211638.505,452888.985,213811.85,452244.51
391,746,67,5,Human,-25117391#1,-266565295#5,212389.60499999998,452950.36,213811.85,452244.51
392,751,68,2,Human,24634411,32978638#0,213043.62,452220.67,213633.66,451984.92
393,752,69,12,Human,-315358242#0,447569997#1,213331.78,452742.19,213435.6,452999.15
394,752,70,3,Human,-22724699#11,386687235,212272.6,452431.9,213478.36,452435.42
395,752,16,5,Human,-32978638#0,-266565295#5,213640.75,451987.935,213811.85,452244.51
396,761,32,5,Human,-24634509#7,-266565295#5,212847.14500000002,452042.39,213811.85,452244.51
397,767,17,5,Human,-18809673#6,-266565295#5,211318.32,451074.855,213811.85,452244.51
398,769,7,4,Human,272042143,399835085#1,213484.675,452457.545,212001.44,453157.175
399,770,7,9,Human,272042143,201238729#3,213484.675,452457.545,211438.31,452110.43
400,772,7,4,Human,272042143,399835085#1,213484.675,452457.545,212001.44,453157.175
401,774,7,9,Human,272042143,201238729#3,213484.675,452457.545,211438.31,452110.43
402,775,0,5,Human,315358244,-266565295#5,212975.4675,453432.9725,213811.85,452244.51
403,775,4,4,Human,-306240162#1,399835085#1,211638.505,452888.985,212001.44,453157.175
404,775,7,4,Human,272042143,399835085#1,213484.675,452457.545,212001.44,453157.175
405,776,0,2,Human,315358244,32978638#0,212975.4675,453432.9725,213633.66,451984.92
406,777,7,10,Human,272042143,306240162#0,213484.675,452457.545,211642.94,452890.83
407,778,0,3,Human,315358244,386687235,212975.4675,453432.9725,213478.36,452435.42
408,779,7,9,Human,272042143,201238729#3,213484.675,452457.545,211438.31,452110.43
409,779,11,60,Human,128361109#1,26677214#4,211442.47,452097.55,212875.91499999998,452947.99
410,780,0,5,Human,315358244,-266565295#5,212975.4675,453432.9725,213811.85,452244.51
411,780,7,9,Human,272042143,201238729#3,213484.675,452457.545,211438.31,452110.43
412,780,1,10,Human,10425609#0,306240162#0,213091.635,451303.575,211642.94,452890.83
413,782,1,4,Human,10425609#0,399835085#1,213091.635,451303.575,212001.44,453157.175
414,782,7,4,Human,272042143,399835085#1,213484.675,452457.545,212001.44,453157.175
415,783,4,4,Human,-306240162#1,399835085#1,211638.505,452888.985,212001.44,453157.175
416,784,7,10,Human,272042143,306240162#0,213484.675,452457.545,211642.94,452890.83
417,786,7,4,Human,272042143,399835085#1,213484.675,452457.545,212001.44,453157.175
418,787,0,23,Human,315358244,26677541,212975.4675,453432.9725,213017.6,453046.28
419,788,7,10,Human,272042143,306240162#0,213484.675,452457.545,211642.94,452890.83
420,789,11,3,Human,128361109#1,386687235,211442.47,452097.55,213478.36,452435.42
421,794,0,2,Human,315358244,32978638#0,212975.4675,453432.9725,213633.66,451984.92
422,794,0,5,Human,315358244,-266565295#5,212975.4675,453432.9725,213811.85,452244.51
423,794,11,3,Human,128361109#1,386687235,211442.47,452097.55,213478.36,452435.42
424,796,0,5,Human,315358244,-266565295#5,212975.4675,453432.9725,213811.85,452244.51
425,797,0,3,Human,315358244,386687235,212975.4675,453432.9725,213478.36,452435.42
426,798,8,16,Human,266565295#5,30482615#1,213807.23,452252.93,212028.14,450765.2
427,801,0,5,Human,315358244,-266565295#5,212975.4675,453432.9725,213811.85,452244.51
428,802,0,5,Human,315358244,-266565295#5,212975.4675,453432.9725,213811.85,452244.51
429,803,0,5,Human,315358244,-266565295#5,212975.4675,453432.9725,213811.85,452244.51
430,803,1,1,Human,10425609#0,-128361102#1,213091.635,451303.575,211388.46000000002,451952.25
431,804,0,5,Human,315358244,-266565295#5,212975.4675,453432.9725,213811.85,452244.51
432,805,0,3,Human,315358244,386687235,212975.4675,453432.9725,213478.36,452435.42
433,807,0,5,Human,315358244,-266565295#5,212975.4675,453432.9725,213811.85,452244.51
434,807,0,5,Human,315358244,-266565295#5,212975.4675,453432.9725,213811.85,452244.51
435,811,0,2,Human,315358244,32978638#0,212975.4675,453432.9725,213633.66,451984.92
436,814,1,10,Human,10425609#0,306240162#0,213091.635,451303.575,211642.94,452890.83
437,815,1,1,Human,10425609#0,-128361102#1,213091.635,451303.575,211388.46000000002,451952.25
438,816,17,5,Human,-18809673#6,-266565295#5,211318.32,451074.855,213811.85,452244.51
439,816,71,2,Human,26677214#0,32978638#0,212677.685,452793.015,213633.66,451984.92
440,817,1,1,Human,10425609#0,-128361102#1,213091.635,451303.575,211388.46000000002,451952.25
441,818,17,5,Human,-18809673#6,-266565295#5,211318.32,451074.855,213811.85,452244.51
442,818,0,2,Human,315358244,32978638#0,212975.4675,453432.9725,213633.66,451984.92
443,820,4,20,Human,-306240162#1,272042145,211638.505,452888.985,213478.39,452442.76
444,822,1,10,Human,10425609#0,306240162#0,213091.635,451303.575,211642.94,452890.83
445,822,0,61,Human,315358244,-26677416#1,212975.4675,453432.9725,212897.90000000002,453206.54500000004
446,824,0,62,Human,315358244,28319300#0,212975.4675,453432.9725,212238.2,452558.54500000004
447,832,72,20,Human,-26677213#5,272042145,212672.43,452783.095,213478.39,452442.76
448,833,73,2,Human,-315392062#4,32978638#0,212998.0,452182.605,213633.66,451984.92
449,840,8,63,Human,266565295#5,-25187893,213807.23,452252.93,212354.7,451490.445
450,851,17,5,Human,-18809673#6,-266565295#5,211318.32,451074.855,213811.85,452244.51
451,851,64,64,Human,-136728347#4,201238726#0,212422.34,451683.04000000004,211894.69,452184.14
452,852,4,20,Human,-306240162#1,272042145,211638.505,452888.985,213478.39,452442.76
453,853,4,4,Human,-306240162#1,399835085#1,211638.505,452888.985,212001.44,453157.175
454,856,8,65,Human,266565295#5,24634411,213807.23,452252.93,212936.765,452442.57
455,859,4,3,Human,-306240162#1,386687235,211638.505,452888.985,213478.36,452435.42
456,860,1,1,Human,10425609#0,-128361102#1,213091.635,451303.575,211388.46000000002,451952.25
457,861,17,5,Human,-18809673#6,-266565295#5,211318.32,451074.855,213811.85,452244.51
458,861,13,39,Human,-447569998#1,-201238718#0,213434.54,453008.69,212979.68,452196.755
459,861,7,9,Human,272042143,201238729#3,213484.675,452457.545,211438.31,452110.43
460,862,74,10,Human,315358242#3,306240162#0,213356.08,452597.9,211642.94,452890.83
461,862,1,10,Human,10425609#0,306240162#0,213091.635,451303.575,211642.94,452890.83
462,864,1,10,Human,10425609#0,306240162#0,213091.635,451303.575,211642.94,452890.83
463,866,1,1,Human,10425609#0,-128361102#1,213091.635,451303.575,211388.46000000002,451952.25
464,869,75,1,Human,23436553#4,-128361102#1,212601.805,451987.845,211388.46000000002,451952.25
465,870,7,1,Human,272042143,-128361102#1,213484.675,452457.545,211388.46000000002,451952.25
466,870,1,1,Human,10425609#0,-128361102#1,213091.635,451303.575,211388.46000000002,451952.25
467,873,7,66,Human,272042143,-32395361#1,213484.675,452457.545,211670.04,451399.06
468,874,21,39,Human,24599188#0.94,-201238718#0,213342.76,451641.08499999996,212979.68,452196.755
469,875,4,2,Human,-306240162#1,32978638#0,211638.505,452888.985,213633.66,451984.92
470,876,1,1,Human,10425609#0,-128361102#1,213091.635,451303.575,211388.46000000002,451952.25
471,877,4,4,Human,-306240162#1,399835085#1,211638.505,452888.985,212001.44,453157.175
472,878,4,12,Human,-306240162#1,447569997#1,211638.505,452888.985,213435.6,452999.15
473,884,67,67,Human,-25117391#1,201950250#1,212389.60499999998,452950.36,212997.22,452913.48
474,887,17,5,Human,-18809673#6,-266565295#5,211318.32,451074.855,213811.85,452244.51
475,887,1,10,Human,10425609#0,306240162#0,213091.635,451303.575,211642.94,452890.83
476,889,8,68,Human,266565295#5,-25145012#3,213807.23,452252.93,212552.90999999997,451517.94
477,890,1,10,Human,10425609#0,306240162#0,213091.635,451303.575,211642.94,452890.83
478,892,1,1,Human,10425609#0,-128361102#1,213091.635,451303.575,211388.46000000002,451952.25
479,894,8,0,Human,266565295#5,-25149001#4,213807.23,452252.93,212672.595,451274.97
480,894,1,1,Human,10425609#0,-128361102#1,213091.635,451303.575,211388.46000000002,451952.25
481,895,0,4,Human,315358244,399835085#1,212975.4675,453432.9725,212001.44,453157.175
482,895,11,69,Human,128361109#1,-26677213#5,211442.47,452097.55,212777.64,452605.79
483,896,8,70,Human,266565295#5,22716549#0,213807.23,452252.93,212919.265,451761.77
484,896,1,1,Human,10425609#0,-128361102#1,213091.635,451303.575,211388.46000000002,451952.25
485,897,0,5,Human,315358244,-266565295#5,212975.4675,453432.9725,213811.85,452244.51
486,898,4,5,Human,-306240162#1,-266565295#5,211638.505,452888.985,213811.85,452244.51
487,898,0,5,Human,315358244,-266565295#5,212975.4675,453432.9725,213811.85,452244.51
488,899,76,20,Human,26676668,272042145,212584.63,452735.29500000004,213478.39,452442.76
489,899,1,1,Human,10425609#0,-128361102#1,213091.635,451303.575,211388.46000000002,451952.25
490,900,4,5,Human,-306240162#1,-266565295#5,211638.505,452888.985,213811.85,452244.51
491,901,77,10,Human,-40888356#6,306240162#0,212389.77500000002,452327.155,211642.94,452890.83
492,901,0,52,Human,315358244,4942376,212975.4675,453432.9725,213618.63,452666.15
493,902,0,12,Human,315358244,447569997#1,212975.4675,453432.9725,213435.6,452999.15
494,903,0,5,Human,315358244,-266565295#5,212975.4675,453432.9725,213811.85,452244.51
495,904,0,2,Human,315358244,32978638#0,212975.4675,453432.9725,213633.66,451984.92
496,905,0,2,Human,315358244,32978638#0,212975.4675,453432.9725,213633.66,451984.92
497,905,4,5,Human,-306240162#1,-266565295#5,211638.505,452888.985,213811.85,452244.51
498,907,4,5,Human,-306240162#1,-266565295#5,211638.505,452888.985,213811.85,452244.51
499,907,0,2,Human,315358244,32978638#0,212975.4675,453432.9725,213633.66,451984.92
500,908,4,5,Human,-306240162#1,-266565295#5,211638.505,452888.985,213811.85,452244.51
501,911,0,5,Human,315358244,-266565295#5,212975.4675,453432.9725,213811.85,452244.51
502,911,0,3,Human,315358244,386687235,212975.4675,453432.9725,213478.36,452435.42
503,912,1,10,Human,10425609#0,306240162#0,213091.635,451303.575,211642.94,452890.83
504,913,0,5,Human,315358244,-266565295#5,212975.4675,453432.9725,213811.85,452244.51
505,918,1,1,Human,10425609#0,-128361102#1,213091.635,451303.575,211388.46000000002,451952.25
506,920,0,5,Human,315358244,-266565295#5,212975.4675,453432.9725,213811.85,452244.51
507,921,16,71,Human,-32978638#0,-315358252#1,213640.75,451987.935,213186.12,453103.96
508,922,0,3,Human,315358244,386687235,212975.4675,453432.9725,213478.36,452435.42
509,923,0,5,Human,315358244,-266565295#5,212975.4675,453432.9725,213811.85,452244.51
510,923,0,72,Human,315358244,-24634413#2,212975.4675,453432.9725,213144.44,452196.78
511,925,0,12,Human,315358244,447569997#1,212975.4675,453432.9725,213435.6,452999.15
512,930,0,5,Human,315358244,-266565295#5,212975.4675,453432.9725,213811.85,452244.51
513,931,78,5,Human,-201238718#1,-266565295#5,212852.67,452408.09,213811.85,452244.51
514,931,24,10,Human,-160314345#5,306240162#0,213480.015,452304.825,211642.94,452890.83
515,932,0,3,Human,315358244,386687235,212975.4675,453432.9725,213478.36,452435.42
516,938,1,73,Human,10425609#0,-393420106#1,213091.635,451303.575,211142.79,451679.83999999997
517,942,79,1,Human,24634517#6,-128361102#1,212099.46500000003,451862.04500000004,211388.46000000002,451952.25
518,942,80,3,Human,-24634506#0,386687235,212954.28,452081.205,213478.36,452435.42
519,944,81,2,Human,25117391#2,32978638#0,212393.02000000002,452945.66500000004,213633.66,451984.92
520,948,1,1,Human,10425609#0,-128361102#1,213091.635,451303.575,211388.46000000002,451952.25
521,953,1,74,Human,10425609#0,-24634521#1,213091.635,451303.575,212210.34999999998,451806.30000000005
522,955,1,10,Human,10425609#0,306240162#0,213091.635,451303.575,211642.94,452890.83
523,957,1,10,Human,10425609#0,306240162#0,213091.635,451303.575,211642.94,452890.83
524,957,4,5,Human,-306240162#1,-266565295#5,211638.505,452888.985,213811.85,452244.51
525,959,1,75,Human,10425609#0,-201963533#1.145,213091.635,451303.575,211777.3825,451794.985
526,964,1,1,Human,10425609#0,-128361102#1,213091.635,451303.575,211388.46000000002,451952.25
527,966,1,1,Human,10425609#0,-128361102#1,213091.635,451303.575,211388.46000000002,451952.25
528,968,1,1,Human,10425609#0,-128361102#1,213091.635,451303.575,211388.46000000002,451952.25
529,969,4,5,Human,-306240162#1,-266565295#5,211638.505,452888.985,213811.85,452244.51
530,970,1,1,Human,10425609#0,-128361102#1,213091.635,451303.575,211388.46000000002,451952.25
531,973,11,3,Human,128361109#1,386687235,211442.47,452097.55,213478.36,452435.42
532,973,1,1,Human,10425609#0,-128361102#1,213091.635,451303.575,211388.46000000002,451952.25
533,974,0,2,Human,315358244,32978638#0,212975.4675,453432.9725,213633.66,451984.92
534,976,82,1,Human,-10427692#6,-128361102#1,211897.71000000002,451995.49,211388.46000000002,451952.25
535,978,11,3,Human,128361109#1,386687235,211442.47,452097.55,213478.36,452435.42
536,981,55,5,Human,-201950263#6,-266565295#5,212746.61,453184.56999999995,213811.85,452244.51
537,984,4,5,Human,-306240162#1,-266565295#5,211638.505,452888.985,213811.85,452244.51
538,984,11,2,Human,128361109#1,32978638#0,211442.47,452097.55,213633.66,451984.92
539,989,0,3,Human,315358244,386687235,212975.4675,453432.9725,213478.36,452435.42
540,990,11,5,Human,128361109#1,-266565295#5,211442.47,452097.55,213811.85,452244.51
541,994,11,3,Human,128361109#1,386687235,211442.47,452097.55,213478.36,452435.42
542,999,11,4,Human,128361109#1,399835085#1,211442.47,452097.55,212001.44,453157.175
543,1000,1,10,Human,10425609#0,306240162#0,213091.635,451303.575,211642.94,452890.83
544,1000,11,5,Human,128361109#1,-266565295#5,211442.47,452097.55,213811.85,452244.51
545,1002,4,5,Human,-306240162#1,-266565295#5,211638.505,452888.985,213811.85,452244.51
546,1002,11,5,Human,128361109#1,-266565295#5,211442.47,452097.55,213811.85,452244.51
547,1002,1,1,Human,10425609#0,-128361102#1,213091.635,451303.575,211388.46000000002,451952.25
548,1003,83,1,Human,-22690206#1,-128361102#1,212814.505,451804.855,211388.46000000002,451952.25
549,1004,1,10,Human,10425609#0,306240162#0,213091.635,451303.575,211642.94,452890.83
550,1004,11,5,Human,128361109#1,-266565295#5,211442.47,452097.55,213811.85,452244.51
551,1005,11,5,Human,128361109#1,-266565295#5,211442.47,452097.55,213811.85,452244.51
552,1007,11,5,Human,128361109#1,-266565295#5,211442.47,452097.55,213811.85,452244.51
553,1007,0,2,Human,315358244,32978638#0,212975.4675,453432.9725,213633.66,451984.92
554,1009,0,2,Human,315358244,32978638#0,212975.4675,453432.9725,213633.66,451984.92
555,1010,11,55,Human,128361109#1,176550249#4,211442.47,452097.55,212840.87,452415.74
556,1011,0,2,Human,315358244,32978638#0,212975.4675,453432.9725,213633.66,451984.92
557,1014,17,3,Human,-18809673#6,386687235,211318.32,451074.855,213478.36,452435.42
558,1016,4,76,Human,-306240162#1,24634513#0,211638.505,452888.985,212065.12,452213.73
559,1019,84,1,Human,-25145014#4,-128361102#1,212134.31,451555.47,211388.46000000002,451952.25
560,1020,0,77,Human,315358244,-26677216#0,212975.4675,453432.9725,212886.595,452950.91500000004
561,1024,16,5,Human,-32978638#0,-266565295#5,213640.75,451987.935,213811.85,452244.51
562,1029,11,2,Human,128361109#1,32978638#0,211442.47,452097.55,213633.66,451984.92
563,1033,4,52,Human,-306240162#1,4942376,211638.505,452888.985,213618.63,452666.15
564,1039,1,10,Human,10425609#0,306240162#0,213091.635,451303.575,211642.94,452890.83
565,1041,1,10,Human,10425609#0,306240162#0,213091.635,451303.575,211642.94,452890.83
566,1044,1,1,Human,10425609#0,-128361102#1,213091.635,451303.575,211388.46000000002,451952.25
567,1046,1,1,Human,10425609#0,-128361102#1,213091.635,451303.575,211388.46000000002,451952.25
568,1047,4,5,Human,-306240162#1,-266565295#5,211638.505,452888.985,213811.85,452244.51
569,1048,1,10,Human,10425609#0,306240162#0,213091.635,451303.575,211642.94,452890.83
570,1050,8,78,Human,266565295#5,-24693977#1,213807.23,452252.93,213198.2925,451894.01
571,1052,4,5,Human,-306240162#1,-266565295#5,211638.505,452888.985,213811.85,452244.51
572,1054,85,2,Human,-24634510#6,32978638#0,212344.635,452078.985,213633.66,451984.92
573,1055,1,1,Human,10425609#0,-128361102#1,213091.635,451303.575,211388.46000000002,451952.25
574,1055,11,5,Human,128361109#1,-266565295#5,211442.47,452097.55,213811.85,452244.51
575,1056,1,10,Human,10425609#0,306240162#0,213091.635,451303.575,211642.94,452890.83
576,1058,1,1,Human,10425609#0,-128361102#1,213091.635,451303.575,211388.46000000002,451952.25
577,1060,21,79,Human,24599188#0.94,-379510292,213342.76,451641.08499999996,212243.84000000003,452544.08499999996
578,1061,86,3,Human,286646456#0,386687235,211932.815,452760.645,213478.36,452435.42
579,1062,1,10,Human,10425609#0,306240162#0,213091.635,451303.575,211642.94,452890.83
580,1062,21,80,Human,24599188#0.94,-24634507,213342.76,451641.08499999996,212908.115,451814.54500000004
581,1064,1,1,Human,10425609#0,-128361102#1,213091.635,451303.575,211388.46000000002,451952.25
582,1064,7,1,Human,272042143,-128361102#1,213484.675,452457.545,211388.46000000002,451952.25
583,1065,1,81,Human,10425609#0,-201963522#3,213091.635,451303.575,211680.385,451397.68
584,1066,11,5,Human,128361109#1,-266565295#5,211442.47,452097.55,213811.85,452244.51
585,1070,0,3,Human,315358244,386687235,212975.4675,453432.9725,213478.36,452435.42
586,1070,7,1,Human,272042143,-128361102#1,213484.675,452457.545,211388.46000000002,451952.25
587,1071,51,3,Human,176550249#4,386687235,212591.23,452310.34,213478.36,452435.42
588,1075,13,82,Human,-447569998#1,-201950247#3,213434.54,453008.69,213075.93,452708.705
589,1075,17,16,Human,-18809673#6,30482615#1,211318.32,451074.855,212028.14,450765.2
590,1078,4,5,Human,-306240162#1,-266565295#5,211638.505,452888.985,213811.85,452244.51
591,1078,13,4,Human,-447569998#1,399835085#1,213434.54,453008.69,212001.44,453157.175
592,1080,4,5,Human,-306240162#1,-266565295#5,211638.505,452888.985,213811.85,452244.51
593,1081,4,12,Human,-306240162#1,447569997#1,211638.505,452888.985,213435.6,452999.15
594,1084,4,2,Human,-306240162#1,32978638#0,211638.505,452888.985,213633.66,451984.92
595,1085,4,3,Human,-306240162#1,386687235,211638.505,452888.985,213478.36,452435.42
596,1090,87,5,Human,10427692#7,-266565295#5,211903.52000000002,451996.87,213811.85,452244.51
597,1090,17,5,Human,-18809673#6,-266565295#5,211318.32,451074.855,213811.85,452244.51
598,1091,88,5,Human,-25187895#0,-266565295#5,212489.47,451424.66500000004,213811.85,452244.51
599,1092,4,3,Human,-306240162#1,386687235,211638.505,452888.985,213478.36,452435.42
600,1092,11,3,Human,128361109#1,386687235,211442.47,452097.55,213478.36,452435.42
601,1095,11,83,Human,128361109#1,-24634510#5,211442.47,452097.55,212665.02000000002,452133.815
602,1098,11,3,Human,128361109#1,386687235,211442.47,452097.55,213478.36,452435.42
603,1100,11,3,Human,128361109#1,386687235,211442.47,452097.55,213478.36,452435.42
604,1105,1,10,Human,10425609#0,306240162#0,213091.635,451303.575,211642.94,452890.83
605,1107,89,2,Human,-26677539,32978638#0,213010.655,452910.41500000004,213633.66,451984.92
606,1107,1,1,Human,10425609#0,-128361102#1,213091.635,451303.575,211388.46000000002,451952.25
607,1109,90,9,Human,201950247#7,201238729#3,213181.785,452601.375,211438.31,452110.43
608,1110,17,5,Human,-18809673#6,-266565295#5,211318.32,451074.855,213811.85,452244.51
609,1113,16,30,Human,-32978638#0,28319300#3,213640.75,451987.935,212239.235,452458.24
610,1117,91,1,Human,-24634517#16,-128361102#1,212403.545,451894.95499999996,211388.46000000002,451952.25
611,1118,4,3,Human,-306240162#1,386687235,211638.505,452888.985,213478.36,452435.42
612,1119,92,2,Human,201950263#0,32978638#0,212491.84999999998,453010.46,213633.66,451984.92
613,1121,4,3,Human,-306240162#1,386687235,211638.505,452888.985,213478.36,452435.42
614,1123,4,3,Human,-306240162#1,386687235,211638.505,452888.985,213478.36,452435.42
615,1124,0,2,Human,315358244,32978638#0,212975.4675,453432.9725,213633.66,451984.92
616,1124,4,84,Human,-306240162#1,-24634518#0,211638.505,452888.985,212087.02,451869.58499999996
617,1126,4,85,Human,-306240162#1,176550249#3,211638.505,452888.985,212590.95,452310.22
618,1128,0,3,Human,315358244,386687235,212975.4675,453432.9725,213478.36,452435.42
619,1131,17,20,Human,-18809673#6,272042145,211318.32,451074.855,213478.39,452442.76
620,1132,11,3,Human,128361109#1,386687235,211442.47,452097.55,213478.36,452435.42
621,1133,17,86,Human,-18809673#6,201950247#0,211318.32,451074.855,213047.505,452788.19
622,1139,93,2,Human,201201950#3,32978638#0,213058.9,452457.17,213633.66,451984.92
623,1140,4,2,Human,-306240162#1,32978638#0,211638.505,452888.985,213633.66,451984.92
624,1140,27,2,Human,28319300#3,32978638#0,212238.03999999998,452544.145,213633.66,451984.92
625,1140,16,87,Human,-32978638#0,24634413#1,213640.75,451987.935,213138.58000000002,452196.55
626,1144,11,3,Human,128361109#1,386687235,211442.47,452097.55,213478.36,452435.42
627,1152,94,3,Human,128361109#3,386687235,211815.32,452199.18,213478.36,452435.42
628,1152,4,3,Human,-306240162#1,386687235,211638.505,452888.985,213478.36,452435.42
629,1155,4,3,Human,-306240162#1,386687235,211638.505,452888.985,213478.36,452435.42
630,1157,16,9,Human,-32978638#0,201238729#3,213640.75,451987.935,211438.31,452110.43
631,1158,0,12,Human,315358244,447569997#1,212975.4675,453432.9725,213435.6,452999.15
632,1158,4,3,Human,-306240162#1,386687235,211638.505,452888.985,213478.36,452435.42
633,1158,16,9,Human,-32978638#0,201238729#3,213640.75,451987.935,211438.31,452110.43
634,1158,11,3,Human,128361109#1,386687235,211442.47,452097.55,213478.36,452435.42
635,1163,95,1,Human,23525483#7,-128361102#1,212481.115,451820.435,211388.46000000002,451952.25
636,1164,4,88,Human,-306240162#1,28111977#0,211638.505,452888.985,211770.735,451534.43
637,1164,0,3,Human,315358244,386687235,212975.4675,453432.9725,213478.36,452435.42
638,1167,96,3,Human,-18809672#6,386687235,211711.06,451614.58999999997,213478.36,452435.42
639,1167,51,3,Human,176550249#4,386687235,212591.23,452310.34,213478.36,452435.42
640,1173,97,3,Human,-24634417,386687235,213300.02000000002,452296.75,213478.36,452435.42
641,1173,53,9,Human,176550249#1,201238729#3,212068.5,452219.52,211438.31,452110.43
642,1173,4,3,Human,-306240162#1,386687235,211638.505,452888.985,213478.36,452435.42
643,1173,11,4,Human,128361109#1,399835085#1,211442.47,452097.55,212001.44,453157.175
644,1175,11,2,Human,128361109#1,32978638#0,211442.47,452097.55,213633.66,451984.92
645,1176,4,3,Human,-306240162#1,386687235,211638.505,452888.985,213478.36,452435.42
646,1177,4,76,Human,-306240162#1,24634513#0,211638.505,452888.985,212065.12,452213.73
647,1179,11,2,Human,128361109#1,32978638#0,211442.47,452097.55,213633.66,451984.92
648,1182,0,3,Human,315358244,386687235,212975.4675,453432.9725,213478.36,452435.42
649,1192,4,3,Human,-306240162#1,386687235,211638.505,452888.985,213478.36,452435.42
650,1194,11,3,Human,128361109#1,386687235,211442.47,452097.55,213478.36,452435.42
651,1197,17,3,Human,-18809673#6,386687235,211318.32,451074.855,213478.36,452435.42
652,1198,17,3,Human,-18809673#6,386687235,211318.32,451074.855,213478.36,452435.42
653,1202,11,2,Human,128361109#1,32978638#0,211442.47,452097.55,213633.66,451984.92
654,1207,98,9,Human,201201945#3,201238729#3,212623.01,452632.065,211438.31,452110.43
655,1208,64,20,Human,-136728347#4,272042145,212422.34,451683.04000000004,213478.39,452442.76
656,1211,4,3,Human,-306240162#1,386687235,211638.505,452888.985,213478.36,452435.42
657,1212,7,9,Human,272042143,201238729#3,213484.675,452457.545,211438.31,452110.43
658,1212,11,65,Human,128361109#1,24634411,211442.47,452097.55,212936.765,452442.57
659,1214,7,9,Human,272042143,201238729#3,213484.675,452457.545,211438.31,452110.43
660,1215,7,9,Human,272042143,201238729#3,213484.675,452457.545,211438.31,452110.43
661,1217,7,1,Human,272042143,-128361102#1,213484.675,452457.545,211388.46000000002,451952.25
662,1218,7,10,Human,272042143,306240162#0,213484.675,452457.545,211642.94,452890.83
663,1220,7,9,Human,272042143,201238729#3,213484.675,452457.545,211438.31,452110.43
664,1220,4,12,Human,-306240162#1,447569997#1,211638.505,452888.985,213435.6,452999.15
665,1221,6,5,Human,201201953#4,-266565295#5,212565.76,452330.09,213811.85,452244.51
666,1223,7,9,Human,272042143,201238729#3,213484.675,452457.545,211438.31,452110.43
667,1225,7,9,Human,272042143,201238729#3,213484.675,452457.545,211438.31,452110.43
668,1225,8,89,Human,266565295#5,24634511,213807.23,452252.93,212635.315,452274.33499999996
669,1226,7,10,Human,272042143,306240162#0,213484.675,452457.545,211642.94,452890.83
670,1229,4,3,Human,-306240162#1,386687235,211638.505,452888.985,213478.36,452435.42
671,1230,7,9,Human,272042143,201238729#3,213484.675,452457.545,211438.31,452110.43
672,1231,7,90,Human,272042143,40888359,213484.675,452457.545,212454.955,452765.495
673,1232,4,3,Human,-306240162#1,386687235,211638.505,452888.985,213478.36,452435.42
674,1233,7,4,Human,272042143,399835085#1,213484.675,452457.545,212001.44,453157.175
675,1235,7,91,Human,272042143,170018165#2,213484.675,452457.545,211783.77000000002,452556.24
676,1236,4,3,Human,-306240162#1,386687235,211638.505,452888.985,213478.36,452435.42
677,1237,4,3,Human,-306240162#1,386687235,211638.505,452888.985,213478.36,452435.42
678,1239,11,3,Human,128361109#1,386687235,211442.47,452097.55,213478.36,452435.42
679,1241,0,12,Human,315358244,447569997#1,212975.4675,453432.9725,213435.6,452999.15
680,1243,99,10,Human,-22716073,306240162#0,212132.35499999998,451619.995,211642.94,452890.83
681,1243,100,10,Human,25145014#0,306240162#0,212665.71000000002,451616.355,211642.94,452890.83
682,1244,49,3,Human,-201950247#0,386687235,213053.065,452789.83999999997,213478.36,452435.42
683,1244,7,10,Human,272042143,306240162#0,213484.675,452457.545,211642.94,452890.83
684,1244,11,3,Human,128361109#1,386687235,211442.47,452097.55,213478.36,452435.42
685,1244,16,9,Human,-32978638#0,201238729#3,213640.75,451987.935,211438.31,452110.43
686,1245,24,10,Human,-160314345#5,306240162#0,213480.015,452304.825,211642.94,452890.83
687,1245,11,3,Human,128361109#1,386687235,211442.47,452097.55,213478.36,452435.42
688,1246,7,10,Human,272042143,306240162#0,213484.675,452457.545,211642.94,452890.83
689,1247,7,9,Human,272042143,201238729#3,213484.675,452457.545,211438.31,452110.43
690,1250,0,92,Human,315358244,51857516#1,212975.4675,453432.9725,213659.92,452143.84
691,1258,0,2,Human,315358244,32978638#0,212975.4675,453432.9725,213633.66,451984.92
692,1258,0,2,Human,315358244,32978638#0,212975.4675,453432.9725,213633.66,451984.92
693,1259,0,2,Human,315358244,32978638#0,212975.4675,453432.9725,213633.66,451984.92
694,1259,0,93,Human,315358244,32999110#0,212975.4675,453432.9725,213396.5,452050.20249999996
695,1263,11,2,Human,128361109#1,32978638#0,211442.47,452097.55,213633.66,451984.92
696,1265,4,3,Human,-306240162#1,386687235,211638.505,452888.985,213478.36,452435.42
697,1269,0,3,Human,315358244,386687235,212975.4675,453432.9725,213478.36,452435.42
698,1273,4,3,Human,-306240162#1,386687235,211638.505,452888.985,213478.36,452435.42
699,1275,4,3,Human,-306240162#1,386687235,211638.505,452888.985,213478.36,452435.42
700,1278,0,3,Human,315358244,386687235,212975.4675,453432.9725,213478.36,452435.42
701,1283,11,3,Human,128361109#1,386687235,211442.47,452097.55,213478.36,452435.42
702,1285,11,3,Human,128361109#1,386687235,211442.47,452097.55,213478.36,452435.42
703,1286,4,20,Human,-306240162#1,272042145,211638.505,452888.985,213478.39,452442.76
704,1287,101,22,Human,-24634514#1,-83304175#2,212051.21000000002,452155.1,213340.28,451635.83499999996
705,1290,1,1,Human,10425609#0,-128361102#1,213091.635,451303.575,211388.46000000002,451952.25
706,1291,16,94,Human,-32978638#0,201201953#12,213640.75,451987.935,211921.37,452227.84
707,1294,16,3,Human,-32978638#0,386687235,213640.75,451987.935,213478.36,452435.42
708,1298,4,20,Human,-306240162#1,272042145,211638.505,452888.985,213478.39,452442.76
709,1298,7,4,Human,272042143,399835085#1,213484.675,452457.545,212001.44,453157.175
710,1300,7,77,Human,272042143,-26677216#0,213484.675,452457.545,212886.595,452950.91500000004
711,1301,11,3,Human,128361109#1,386687235,211442.47,452097.55,213478.36,452435.42
712,1303,4,20,Human,-306240162#1,272042145,211638.505,452888.985,213478.39,452442.76
713,1304,7,10,Human,272042143,306240162#0,213484.675,452457.545,211642.94,452890.83
714,1306,7,9,Human,272042143,201238729#3,213484.675,452457.545,211438.31,452110.43
715,1307,16,18,Human,-32978638#0,24634510#6,213640.75,451987.935,212342.785,452084.485
716,1307,7,9,Human,272042143,201238729#3,213484.675,452457.545,211438.31,452110.43
717,1309,11,4,Human,128361109#1,399835085#1,211442.47,452097.55,212001.44,453157.175
718,1309,7,4,Human,272042143,399835085#1,213484.675,452457.545,212001.44,453157.175
719,1310,4,89,Human,-306240162#1,24634511,211638.505,452888.985,212635.315,452274.33499999996
720,1311,64,10,Human,-136728347#4,306240162#0,212422.34,451683.04000000004,211642.94,452890.83
721,1314,8,95,Human,266565295#5,-201201945#0,213807.23,452252.93,212802.24,452494.04
722,1314,11,2,Human,128361109#1,32978638#0,211442.47,452097.55,213633.66,451984.92
723,1315,7,10,Human,272042143,306240162#0,213484.675,452457.545,211642.94,452890.83
724,1316,8,2,Human,266565295#5,32978638#0,213807.23,452252.93,213633.66,451984.92
725,1316,7,10,Human,272042143,306240162#0,213484.675,452457.545,211642.94,452890.83
726,1317,11,2,Human,128361109#1,32978638#0,211442.47,452097.55,213633.66,451984.92
727,1318,7,9,Human,272042143,201238729#3,213484.675,452457.545,211438.31,452110.43
728,1318,11,3,Human,128361109#1,386687235,211442.47,452097.55,213478.36,452435.42
729,1320,8,96,Human,266565295#5,-129379918#1,213807.23,452252.93,213249.65,452974.4
730,1320,7,9,Human,272042143,201238729#3,213484.675,452457.545,211438.31,452110.43
731,1323,11,3,Human,128361109#1,386687235,211442.47,452097.55,213478.36,452435.42
732,1323,7,9,Human,272042143,201238729#3,213484.675,452457.545,211438.31,452110.43
733,1325,17,3,Human,-18809673#6,386687235,211318.32,451074.855,213478.36,452435.42
734,1326,7,9,Human,272042143,201238729#3,213484.675,452457.545,211438.31,452110.43
735,1328,11,3,Human,128361109#1,386687235,211442.47,452097.55,213478.36,452435.42
736,1330,7,10,Human,272042143,306240162#0,213484.675,452457.545,211642.94,452890.83
737,1331,17,5,Human,-18809673#6,-266565295#5,211318.32,451074.855,213811.85,452244.51
738,1332,7,9,Human,272042143,201238729#3,213484.675,452457.545,211438.31,452110.43
739,1335,7,9,Human,272042143,201238729#3,213484.675,452457.545,211438.31,452110.43
740,1336,16,10,Human,-32978638#0,306240162#0,213640.75,451987.935,211642.94,452890.83
741,1337,11,3,Human,128361109#1,386687235,211442.47,452097.55,213478.36,452435.42
742,1337,7,10,Human,272042143,306240162#0,213484.675,452457.545,211642.94,452890.83
743,1338,102,3,Human,26677542#1,386687235,212869.20500000002,453055.665,213478.36,452435.42
744,1338,4,20,Human,-306240162#1,272042145,211638.505,452888.985,213478.39,452442.76
745,1339,7,9,Human,272042143,201238729#3,213484.675,452457.545,211438.31,452110.43
746,1340,7,9,Human,272042143,201238729#3,213484.675,452457.545,211438.31,452110.43
747,1341,4,20,Human,-306240162#1,272042145,211638.505,452888.985,213478.39,452442.76
748,1346,17,5,Human,-18809673#6,-266565295#5,211318.32,451074.855,213811.85,452244.51
749,1348,4,20,Human,-306240162#1,272042145,211638.505,452888.985,213478.39,452442.76
750,1349,73,5,Human,-315392062#4,-266565295#5,212998.0,452182.605,213811.85,452244.51
751,1349,17,5,Human,-18809673#6,-266565295#5,211318.32,451074.855,213811.85,452244.51
752,1354,103,9,Human,-24634510#15,201238729#3,211980.63,452074.88,211438.31,452110.43
753,1355,17,5,Human,-18809673#6,-266565295#5,211318.32,451074.855,213811.85,452244.51
754,1359,17,16,Human,-18809673#6,30482615#1,211318.32,451074.855,212028.14,450765.2
755,1361,0,3,Human,315358244,386687235,212975.4675,453432.9725,213478.36,452435.42
756,1365,104,5,Human,24634414#5,-266565295#5,213262.8,452059.365,213811.85,452244.51
757,1366,10,5,Human,24634507,-266565295#5,212909.515,451808.91500000004,213811.85,452244.51
758,1375,8,10,Human,266565295#5,306240162#0,213807.23,452252.93,211642.94,452890.83
759,1376,4,20,Human,-306240162#1,272042145,211638.505,452888.985,213478.39,452442.76
760,1376,8,9,Human,266565295#5,201238729#3,213807.23,452252.93,211438.31,452110.43
761,1377,16,4,Human,-32978638#0,399835085#1,213640.75,451987.935,212001.44,453157.175
762,1378,8,2,Human,266565295#5,32978638#0,213807.23,452252.93,213633.66,451984.92
763,1379,0,0,Human,315358244,-25149001#4,212975.4675,453432.9725,212672.595,451274.97
764,1380,8,97,Human,266565295#5,-170018165#3,213807.23,452252.93,211801.515,452498.72
765,1380,4,20,Human,-306240162#1,272042145,211638.505,452888.985,213478.39,452442.76
766,1381,8,10,Human,266565295#5,306240162#0,213807.23,452252.93,211642.94,452890.83
767,1381,0,98,Human,315358244,24634510#1,212975.4675,453432.9725,212430.33000000002,452107.745
768,1381,11,20,Human,128361109#1,272042145,211442.47,452097.55,213478.39,452442.76
769,1382,8,9,Human,266565295#5,201238729#3,213807.23,452252.93,211438.31,452110.43
770,1382,8,9,Human,266565295#5,201238729#3,213807.23,452252.93,211438.31,452110.43
771,1383,11,20,Human,128361109#1,272042145,211442.47,452097.55,213478.39,452442.76
772,1385,7,9,Human,272042143,201238729#3,213484.675,452457.545,211438.31,452110.43
773,1385,0,2,Human,315358244,32978638#0,212975.4675,453432.9725,213633.66,451984.92
774,1386,0,2,Human,315358244,32978638#0,212975.4675,453432.9725,213633.66,451984.92
775,1388,11,20,Human,128361109#1,272042145,211442.47,452097.55,213478.39,452442.76
776,1388,0,3,Human,315358244,386687235,212975.4675,453432.9725,213478.36,452435.42
777,1388,7,9,Human,272042143,201238729#3,213484.675,452457.545,211438.31,452110.43
778,1389,4,4,Human,-306240162#1,399835085#1,211638.505,452888.985,212001.44,453157.175
779,1390,0,3,Human,315358244,386687235,212975.4675,453432.9725,213478.36,452435.42
780,1391,7,10,Human,272042143,306240162#0,213484.675,452457.545,211642.94,452890.83
781,1393,4,55,Human,-306240162#1,176550249#4,211638.505,452888.985,212840.87,452415.74
782,1397,7,10,Human,272042143,306240162#0,213484.675,452457.545,211642.94,452890.83
783,1397,8,9,Human,266565295#5,201238729#3,213807.23,452252.93,211438.31,452110.43
784,1398,7,9,Human,272042143,201238729#3,213484.675,452457.545,211438.31,452110.43
785,1401,17,3,Human,-18809673#6,386687235,211318.32,451074.855,213478.36,452435.42
786,1403,8,10,Human,266565295#5,306240162#0,213807.23,452252.93,211642.94,452890.83
787,1403,7,10,Human,272042143,306240162#0,213484.675,452457.545,211642.94,452890.83
788,1404,8,99,Human,266565295#5,-26677542#1,213807.23,452252.93,212872.935,453060.105
789,1404,0,2,Human,315358244,32978638#0,212975.4675,453432.9725,213633.66,451984.92
790,1405,7,10,Human,272042143,306240162#0,213484.675,452457.545,211642.94,452890.83
791,1408,8,9,Human,266565295#5,201238729#3,213807.23,452252.93,211438.31,452110.43
792,1409,7,10,Human,272042143,306240162#0,213484.675,452457.545,211642.94,452890.83
793,1409,105,1,Human,25190140#1,-128361102#1,212564.64,451219.615,211388.46000000002,451952.25
794,1410,7,10,Human,272042143,306240162#0,213484.675,452457.545,211642.94,452890.83
795,1412,106,5,Human,-32124743,-266565295#5,213137.68,451705.44,213811.85,452244.51
796,1412,8,2,Human,266565295#5,32978638#0,213807.23,452252.93,213633.66,451984.92
797,1412,7,9,Human,272042143,201238729#3,213484.675,452457.545,211438.31,452110.43
798,1414,7,9,Human,272042143,201238729#3,213484.675,452457.545,211438.31,452110.43
799,1414,11,20,Human,128361109#1,272042145,211442.47,452097.55,213478.39,452442.76
800,1415,50,9,Human,-24634411,201238729#3,212931.69,452439.76,211438.31,452110.43
801,1415,7,9,Human,272042143,201238729#3,213484.675,452457.545,211438.31,452110.43
802,1416,16,9,Human,-32978638#0,201238729#3,213640.75,451987.935,211438.31,452110.43
803,1417,11,2,Human,128361109#1,32978638#0,211442.47,452097.55,213633.66,451984.92
804,1417,7,10,Human,272042143,306240162#0,213484.675,452457.545,211642.94,452890.83
805,1419,7,9,Human,272042143,201238729#3,213484.675,452457.545,211438.31,452110.43
806,1419,107,20,Human,23166741#5,272042145,213013.61,452486.19,213478.39,452442.76
807,1420,4,20,Human,-306240162#1,272042145,211638.505,452888.985,213478.39,452442.76
808,1421,7,9,Human,272042143,201238729#3,213484.675,452457.545,211438.31,452110.43
809,1421,11,20,Human,128361109#1,272042145,211442.47,452097.55,213478.39,452442.76
810,1422,7,100,Human,272042143,201950247#6,213484.675,452457.545,213171.76,452602.06
811,1424,7,10,Human,272042143,306240162#0,213484.675,452457.545,211642.94,452890.83
812,1425,16,4,Human,-32978638#0,399835085#1,213640.75,451987.935,212001.44,453157.175
813,1426,7,9,Human,272042143,201238729#3,213484.675,452457.545,211438.31,452110.43
814,1426,11,20,Human,128361109#1,272042145,211442.47,452097.55,213478.39,452442.76
815,1428,108,4,Human,25117391#0,399835085#1,212300.40999999997,452881.115,212001.44,453157.175
816,1428,7,9,Human,272042143,201238729#3,213484.675,452457.545,211438.31,452110.43
817,1430,11,20,Human,128361109#1,272042145,211442.47,452097.55,213478.39,452442.76
818,1431,4,20,Human,-306240162#1,272042145,211638.505,452888.985,213478.39,452442.76
819,1431,49,2,Human,-201950247#0,32978638#0,213053.065,452789.83999999997,213633.66,451984.92
820,1434,4,20,Human,-306240162#1,272042145,211638.505,452888.985,213478.39,452442.76
821,1435,1,10,Human,10425609#0,306240162#0,213091.635,451303.575,211642.94,452890.83
822,1436,11,20,Human,128361109#1,272042145,211442.47,452097.55,213478.39,452442.76
823,1436,1,1,Human,10425609#0,-128361102#1,213091.635,451303.575,211388.46000000002,451952.25
824,1437,11,20,Human,128361109#1,272042145,211442.47,452097.55,213478.39,452442.76
825,1442,17,5,Human,-18809673#6,-266565295#5,211318.32,451074.855,213811.85,452244.51
826,1442,11,2,Human,128361109#1,32978638#0,211442.47,452097.55,213633.66,451984.92
827,1444,11,20,Human,128361109#1,272042145,211442.47,452097.55,213478.39,452442.76
828,1444,1,1,Human,10425609#0,-128361102#1,213091.635,451303.575,211388.46000000002,451952.25
829,1446,1,1,Human,10425609#0,-128361102#1,213091.635,451303.575,211388.46000000002,451952.25
830,1447,11,20,Human,128361109#1,272042145,211442.47,452097.55,213478.39,452442.76
831,1450,11,20,Human,128361109#1,272042145,211442.47,452097.55,213478.39,452442.76
832,1453,11,2,Human,128361109#1,32978638#0,211442.47,452097.55,213633.66,451984.92
833,1454,4,20,Human,-306240162#1,272042145,211638.505,452888.985,213478.39,452442.76
834,1455,4,20,Human,-306240162#1,272042145,211638.505,452888.985,213478.39,452442.76
835,1456,11,20,Human,128361109#1,272042145,211442.47,452097.55,213478.39,452442.76
836,1457,4,20,Human,-306240162#1,272042145,211638.505,452888.985,213478.39,452442.76
837,1458,11,4,Human,128361109#1,399835085#1,211442.47,452097.55,212001.44,453157.175
838,1463,1,10,Human,10425609#0,306240162#0,213091.635,451303.575,211642.94,452890.83
839,1464,8,9,Human,266565295#5,201238729#3,213807.23,452252.93,211438.31,452110.43
840,1465,11,20,Human,128361109#1,272042145,211442.47,452097.55,213478.39,452442.76
841,1466,8,10,Human,266565295#5,306240162#0,213807.23,452252.93,211642.94,452890.83
842,1467,8,10,Human,266565295#5,306240162#0,213807.23,452252.93,211642.94,452890.83
843,1468,8,10,Human,266565295#5,306240162#0,213807.23,452252.93,211642.94,452890.83
844,1469,11,20,Human,128361109#1,272042145,211442.47,452097.55,213478.39,452442.76
845,1470,8,9,Human,266565295#5,201238729#3,213807.23,452252.93,211438.31,452110.43
846,1470,11,20,Human,128361109#1,272042145,211442.47,452097.55,213478.39,452442.76
847,1470,1,1,Human,10425609#0,-128361102#1,213091.635,451303.575,211388.46000000002,451952.25
848,1473,19,3,Human,-26677542#0,386687235,212861.46,453069.875,213478.36,452435.42
849,1474,0,3,Human,315358244,386687235,212975.4675,453432.9725,213478.36,452435.42
850,1475,0,2,Human,315358244,32978638#0,212975.4675,453432.9725,213633.66,451984.92
851,1476,1,1,Human,10425609#0,-128361102#1,213091.635,451303.575,211388.46000000002,451952.25
852,1478,0,2,Human,315358244,32978638#0,212975.4675,453432.9725,213633.66,451984.92
853,1480,0,3,Human,315358244,386687235,212975.4675,453432.9725,213478.36,452435.42
854,1481,49,9,Human,-201950247#0,201238729#3,213053.065,452789.83999999997,211438.31,452110.43
855,1482,109,20,Human,-224892339#3,272042145,212059.575,452797.085,213478.39,452442.76
856,1487,8,9,Human,266565295#5,201238729#3,213807.23,452252.93,211438.31,452110.43
857,1487,7,10,Human,272042143,306240162#0,213484.675,452457.545,211642.94,452890.83
858,1488,0,101,Human,315358244,-201238718#1,212975.4675,453432.9725,212868.26,452367.03
859,1489,32,2,Human,-24634509#7,32978638#0,212847.14500000002,452042.39,213633.66,451984.92
860,1490,0,2,Human,315358244,32978638#0,212975.4675,453432.9725,213633.66,451984.92
861,1491,7,10,Human,272042143,306240162#0,213484.675,452457.545,211642.94,452890.83
862,1492,0,102,Human,315358244,53396619#3,212975.4675,453432.9725,213145.99,452689.83499999996
863,1492,0,2,Human,315358244,32978638#0,212975.4675,453432.9725,213633.66,451984.92
864,1496,1,1,Human,10425609#0,-128361102#1,213091.635,451303.575,211388.46000000002,451952.25
865,1497,0,12,Human,315358244,447569997#1,212975.4675,453432.9725,213435.6,452999.15
866,1498,8,9,Human,266565295#5,201238729#3,213807.23,452252.93,211438.31,452110.43
867,1500,110,10,Human,-233675413#0,306240162#0,212476.12,451690.46,211642.94,452890.83
868,1501,7,10,Human,272042143,306240162#0,213484.675,452457.545,211642.94,452890.83
869,1501,17,5,Human,-18809673#6,-266565295#5,211318.32,451074.855,213811.85,452244.51
870,1503,7,10,Human,272042143,306240162#0,213484.675,452457.545,211642.94,452890.83
871,1503,16,10,Human,-32978638#0,306240162#0,213640.75,451987.935,211642.94,452890.83
872,1505,17,5,Human,-18809673#6,-266565295#5,211318.32,451074.855,213811.85,452244.51
873,1506,17,5,Human,-18809673#6,-266565295#5,211318.32,451074.855,213811.85,452244.51
874,1517,11,20,Human,128361109#1,272042145,211442.47,452097.55,213478.39,452442.76
875,1517,37,81,Human,201201935#0,-201963522#3,211141.53,451674.18,211680.385,451397.68
876,1518,1,1,Human,10425609#0,-128361102#1,213091.635,451303.575,211388.46000000002,451952.25
877,1519,1,10,Human,10425609#0,306240162#0,213091.635,451303.575,211642.94,452890.83
878,1520,4,20,Human,-306240162#1,272042145,211638.505,452888.985,213478.39,452442.76
879,1521,11,20,Human,128361109#1,272042145,211442.47,452097.55,213478.39,452442.76
880,1521,1,10,Human,10425609#0,306240162#0,213091.635,451303.575,211642.94,452890.83
881,1523,11,20,Human,128361109#1,272042145,211442.47,452097.55,213478.39,452442.76
882,1523,1,1,Human,10425609#0,-128361102#1,213091.635,451303.575,211388.46000000002,451952.25
883,1526,11,20,Human,128361109#1,272042145,211442.47,452097.55,213478.39,452442.76
884,1528,11,2,Human,128361109#1,32978638#0,211442.47,452097.55,213633.66,451984.92
885,1531,4,20,Human,-306240162#1,272042145,211638.505,452888.985,213478.39,452442.76
886,1535,4,20,Human,-306240162#1,272042145,211638.505,452888.985,213478.39,452442.76
887,1536,4,3,Human,-306240162#1,386687235,211638.505,452888.985,213478.36,452435.42
888,1538,4,3,Human,-306240162#1,386687235,211638.505,452888.985,213478.36,452435.42
889,1539,11,5,Human,128361109#1,-266565295#5,211442.47,452097.55,213811.85,452244.51
890,1539,4,3,Human,-306240162#1,386687235,211638.505,452888.985,213478.36,452435.42
891,1543,4,3,Human,-306240162#1,386687235,211638.505,452888.985,213478.36,452435.42
892,1545,77,3,Human,-40888356#6,386687235,212389.77500000002,452327.155,213478.36,452435.42
893,1545,17,5,Human,-18809673#6,-266565295#5,211318.32,451074.855,213811.85,452244.51
894,1546,4,3,Human,-306240162#1,386687235,211638.505,452888.985,213478.36,452435.42
895,1548,4,3,Human,-306240162#1,386687235,211638.505,452888.985,213478.36,452435.42
896,1548,1,1,Human,10425609#0,-128361102#1,213091.635,451303.575,211388.46000000002,451952.25
897,1549,24,1,Human,-160314345#5,-128361102#1,213480.015,452304.825,211388.46000000002,451952.25
898,1549,4,2,Human,-306240162#1,32978638#0,211638.505,452888.985,213633.66,451984.92
899,1550,57,20,Human,176550249#0,272042145,211922.89,452213.87,213478.39,452442.76
900,1555,68,10,Human,24634411,306240162#0,213043.62,452220.67,211642.94,452890.83
901,1557,8,10,Human,266565295#5,306240162#0,213807.23,452252.93,211642.94,452890.83
902,1558,111,3,Human,28319300#0,386687235,212350.62,452822.42000000004,213478.36,452435.42
903,1558,4,3,Human,-306240162#1,386687235,211638.505,452888.985,213478.36,452435.42
904,1559,4,2,Human,-306240162#1,32978638#0,211638.505,452888.985,213633.66,451984.92
905,1561,112,10,Human,-201950263#10,306240162#0,212986.375,453340.595,211642.94,452890.83
906,1562,4,3,Human,-306240162#1,386687235,211638.505,452888.985,213478.36,452435.42
907,1563,47,3,Human,315392062#0,386687235,213156.245,451990.345,213478.36,452435.42
908,1564,4,3,Human,-306240162#1,386687235,211638.505,452888.985,213478.36,452435.42
909,1566,4,3,Human,-306240162#1,386687235,211638.505,452888.985,213478.36,452435.42
910,1574,0,2,Human,315358244,32978638#0,212975.4675,453432.9725,213633.66,451984.92
911,1578,1,1,Human,10425609#0,-128361102#1,213091.635,451303.575,211388.46000000002,451952.25
912,1580,1,1,Human,10425609#0,-128361102#1,213091.635,451303.575,211388.46000000002,451952.25
913,1580,13,4,Human,-447569998#1,399835085#1,213434.54,453008.69,212001.44,453157.175
914,1582,4,3,Human,-306240162#1,386687235,211638.505,452888.985,213478.36,452435.42
915,1583,113,10,Human,-24634517#3,306240162#0,212047.175,451832.05,211642.94,452890.83
916,1584,114,3,Human,-201201945#6,386687235,212473.22999999998,452736.995,213478.36,452435.42
917,1585,4,2,Human,-306240162#1,32978638#0,211638.505,452888.985,213633.66,451984.92
918,1586,4,3,Human,-306240162#1,386687235,211638.505,452888.985,213478.36,452435.42
919,1589,42,9,Human,24634513#0,201238729#3,212250.8,452064.83,211438.31,452110.43
920,1589,4,90,Human,-306240162#1,40888359,211638.505,452888.985,212454.955,452765.495
921,1591,115,2,Human,-40888351#2,32978638#0,213197.235,452922.725,213633.66,451984.92
922,1591,0,2,Human,315358244,32978638#0,212975.4675,453432.9725,213633.66,451984.92
923,1591,16,4,Human,-32978638#0,399835085#1,213640.75,451987.935,212001.44,453157.175
924,1592,16,9,Human,-32978638#0,201238729#3,213640.75,451987.935,211438.31,452110.43
925,1594,0,2,Human,315358244,32978638#0,212975.4675,453432.9725,213633.66,451984.92
926,1594,16,9,Human,-32978638#0,201238729#3,213640.75,451987.935,211438.31,452110.43
927,1596,4,3,Human,-306240162#1,386687235,211638.505,452888.985,213478.36,452435.42
928,1596,16,9,Human,-32978638#0,201238729#3,213640.75,451987.935,211438.31,452110.43
929,1599,17,5,Human,-18809673#6,-266565295#5,211318.32,451074.855,213811.85,452244.51
930,1601,16,9,Human,-32978638#0,201238729#3,213640.75,451987.935,211438.31,452110.43
931,1602,16,103,Human,-32978638#0,-201201945#0.78,213640.75,451987.935,212829.9,452448.0
932,1604,116,10,Human,173203413#0,306240162#0,212502.855,452508.195,211642.94,452890.83
933,1604,16,4,Human,-32978638#0,399835085#1,213640.75,451987.935,212001.44,453157.175
934,1604,11,3,Human,128361109#1,386687235,211442.47,452097.55,213478.36,452435.42
935,1606,11,20,Human,128361109#1,272042145,211442.47,452097.55,213478.39,452442.76
936,1607,8,2,Human,266565295#5,32978638#0,213807.23,452252.93,213633.66,451984.92
937,1607,4,3,Human,-306240162#1,386687235,211638.505,452888.985,213478.36,452435.42
938,1608,117,3,Human,32395327#0,386687235,211678.79,451517.33,213478.36,452435.42
939,1608,11,20,Human,128361109#1,272042145,211442.47,452097.55,213478.39,452442.76
940,1609,11,3,Human,128361109#1,386687235,211442.47,452097.55,213478.36,452435.42
941,1611,11,20,Human,128361109#1,272042145,211442.47,452097.55,213478.39,452442.76
942,1613,11,3,Human,128361109#1,386687235,211442.47,452097.55,213478.36,452435.42
943,1614,11,3,Human,128361109#1,386687235,211442.47,452097.55,213478.36,452435.42
944,1615,1,1,Human,10425609#0,-128361102#1,213091.635,451303.575,211388.46000000002,451952.25
945,1616,11,3,Human,128361109#1,386687235,211442.47,452097.55,213478.36,452435.42
946,1616,1,1,Human,10425609#0,-128361102#1,213091.635,451303.575,211388.46000000002,451952.25
947,1618,11,3,Human,128361109#1,386687235,211442.47,452097.55,213478.36,452435.42
948,1618,4,3,Human,-306240162#1,386687235,211638.505,452888.985,213478.36,452435.42
949,1619,11,3,Human,128361109#1,386687235,211442.47,452097.55,213478.36,452435.42
950,1621,1,1,Human,10425609#0,-128361102#1,213091.635,451303.575,211388.46000000002,451952.25
951,1621,0,2,Human,315358244,32978638#0,212975.4675,453432.9725,213633.66,451984.92
952,1621,4,3,Human,-306240162#1,386687235,211638.505,452888.985,213478.36,452435.42
953,1622,118,10,Human,-54169231#0,306240162#0,212886.475,452799.20499999996,211642.94,452890.83
954,1622,0,3,Human,315358244,386687235,212975.4675,453432.9725,213478.36,452435.42
955,1624,119,1,Human,31860333#0,-128361102#1,211972.66,451485.305,211388.46000000002,451952.25
956,1626,0,3,Human,315358244,386687235,212975.4675,453432.9725,213478.36,452435.42
957,1631,1,1,Human,10425609#0,-128361102#1,213091.635,451303.575,211388.46000000002,451952.25
958,1632,4,4,Human,-306240162#1,399835085#1,211638.505,452888.985,212001.44,453157.175
959,1641,98,2,Human,201201945#3,32978638#0,212623.01,452632.065,213633.66,451984.92
960,1642,21,10,Human,24599188#0.94,306240162#0,213342.76,451641.08499999996,211642.94,452890.83
961,1644,21,9,Human,24599188#0.94,201238729#3,213342.76,451641.08499999996,211438.31,452110.43
962,1648,4,104,Human,-306240162#1,24634507,211638.505,452888.985,213104.35,451858.955
963,1649,1,1,Human,10425609#0,-128361102#1,213091.635,451303.575,211388.46000000002,451952.25
964,1650,21,10,Human,24599188#0.94,306240162#0,213342.76,451641.08499999996,211642.94,452890.83
965,1652,21,9,Human,24599188#0.94,201238729#3,213342.76,451641.08499999996,211438.31,452110.43
966,1654,4,2,Human,-306240162#1,32978638#0,211638.505,452888.985,213633.66,451984.92
967,1654,21,10,Human,24599188#0.94,306240162#0,213342.76,451641.08499999996,211642.94,452890.83
968,1654,17,5,Human,-18809673#6,-266565295#5,211318.32,451074.855,213811.85,452244.51
969,1656,21,4,Human,24599188#0.94,399835085#1,213342.76,451641.08499999996,212001.44,453157.175
970,1657,4,3,Human,-306240162#1,386687235,211638.505,452888.985,213478.36,452435.42
971,1662,8,98,Human,266565295#5,24634510#1,213807.23,452252.93,212430.33000000002,452107.745
972,1664,120,3,Human,24634417,386687235,213280.13,452432.555,213478.36,452435.42
973,1665,17,16,Human,-18809673#6,30482615#1,211318.32,451074.855,212028.14,450765.2
974,1667,121,105,Human,218647954,-201950247#5,212214.44,451810.81,213119.515,452635.46499999997
975,1671,11,4,Human,128361109#1,399835085#1,211442.47,452097.55,212001.44,453157.175
976,1673,4,3,Human,-306240162#1,386687235,211638.505,452888.985,213478.36,452435.42
977,1676,53,3,Human,176550249#1,386687235,212068.5,452219.52,213478.36,452435.42
978,1677,4,3,Human,-306240162#1,386687235,211638.505,452888.985,213478.36,452435.42
979,1679,17,5,Human,-18809673#6,-266565295#5,211318.32,451074.855,213811.85,452244.51
980,1681,122,106,Human,-24634513#5,-23436553#2,212062.15,452212.55,212564.34999999998,451810.125
981,1682,0,2,Human,315358244,32978638#0,212975.4675,453432.9725,213633.66,451984.92
982,1682,8,2,Human,266565295#5,32978638#0,213807.23,452252.93,213633.66,451984.92
983,1682,16,71,Human,-32978638#0,-315358252#1,213640.75,451987.935,213186.12,453103.96
984,1684,123,2,Human,201238724,32978638#0,212841.70500000002,452206.43,213633.66,451984.92
985,1684,16,10,Human,-32978638#0,306240162#0,213640.75,451987.935,211642.94,452890.83
986,1688,11,3,Human,128361109#1,386687235,211442.47,452097.55,213478.36,452435.42
987,1689,16,107,Human,-32978638#0,-315358246,213640.75,451987.935,213116.69,453233.9
988,1690,124,10,Human,-170018165#3,306240162#0,211730.95500000002,452669.455,211642.94,452890.83
989,1694,125,3,Human,-201950259#6,386687235,212486.115,453001.065,213478.36,452435.42
990,1694,1,1,Human,10425609#0,-128361102#1,213091.635,451303.575,211388.46000000002,451952.25
991,1695,21,21,Human,24599188#0.94,-201238724,213342.76,451641.08499999996,212836.39,452204.11
992,1697,1,1,Human,10425609#0,-128361102#1,213091.635,451303.575,211388.46000000002,451952.25
993,1699,21,10,Human,24599188#0.94,306240162#0,213342.76,451641.08499999996,211642.94,452890.83
994,1701,21,10,Human,24599188#0.94,306240162#0,213342.76,451641.08499999996,211642.94,452890.83
995,1702,16,10,Human,-32978638#0,306240162#0,213640.75,451987.935,211642.94,452890.83
996,1703,21,9,Human,24599188#0.94,201238729#3,213342.76,451641.08499999996,211438.31,452110.43
997,1709,0,2,Human,315358244,32978638#0,212975.4675,453432.9725,213633.66,451984.92
998,1709,0,3,Human,315358244,386687235,212975.4675,453432.9725,213478.36,452435.42
999,1710,40,9,Human,-24634510#5,201238729#3,212430.715,452101.95999999996,211438.31,452110.43
1000,1710,0,2,Human,315358244,32978638#0,212975.4675,453432.9725,213633.66,451984.92
1001,1712,126,108,Human,26677214#5,-24634413#0,212886.765,452957.53500000003,213054.91,452451.22
1002,1714,45,4,Human,-224892361#8,399835085#1,211865.015,452381.815,212001.44,453157.175
1003,1717,123,2,Human,201238724,32978638#0,212841.70500000002,452206.43,213633.66,451984.92
1004,1720,1,1,Human,10425609#0,-128361102#1,213091.635,451303.575,211388.46000000002,451952.25
1005,1727,127,10,Human,24608845,306240162#0,212836.165,452098.05000000005,211642.94,452890.83
1006,1727,4,3,Human,-306240162#1,386687235,211638.505,452888.985,213478.36,452435.42
1007,1732,4,3,Human,-306240162#1,386687235,211638.505,452888.985,213478.36,452435.42
1008,1740,0,3,Human,315358244,386687235,212975.4675,453432.9725,213478.36,452435.42
1009,1743,128,9,Human,24634509#1,201238729#3,212903.0,451817.85,211438.31,452110.43
1010,1744,17,5,Human,-18809673#6,-266565295#5,211318.32,451074.855,213811.85,452244.51
1011,1745,4,3,Human,-306240162#1,386687235,211638.505,452888.985,213478.36,452435.42
1012,1748,4,3,Human,-306240162#1,386687235,211638.505,452888.985,213478.36,452435.42
1013,1749,4,3,Human,-306240162#1,386687235,211638.505,452888.985,213478.36,452435.42
1014,1753,129,10,Human,-201238718#0,306240162#0,212873.73,452353.9,211642.94,452890.83
1015,1753,4,3,Human,-306240162#1,386687235,211638.505,452888.985,213478.36,452435.42
1016,1754,4,3,Human,-306240162#1,386687235,211638.505,452888.985,213478.36,452435.42
1017,1755,16,5,Human,-32978638#0,-266565295#5,213640.75,451987.935,213811.85,452244.51
1018,1756,130,3,Human,18809672#7,386687235,211702.245,451601.75,213478.36,452435.42
1019,1757,4,3,Human,-306240162#1,386687235,211638.505,452888.985,213478.36,452435.42
1020,1760,17,5,Human,-18809673#6,-266565295#5,211318.32,451074.855,213811.85,452244.51
1021,1767,11,4,Human,128361109#1,399835085#1,211442.47,452097.55,212001.44,453157.175
1022,1768,11,3,Human,128361109#1,386687235,211442.47,452097.55,213478.36,452435.42
1023,1772,16,55,Human,-32978638#0,176550249#4,213640.75,451987.935,212840.87,452415.74
1024,1776,16,109,Human,-32978638#0,-315392062#4,213640.75,451987.935,213151.16999999998,451987.545
1025,1776,4,20,Human,-306240162#1,272042145,211638.505,452888.985,213478.39,452442.76
1026,1777,4,20,Human,-306240162#1,272042145,211638.505,452888.985,213478.39,452442.76
1027,1778,11,3,Human,128361109#1,386687235,211442.47,452097.55,213478.36,452435.42
1028,1780,11,4,Human,128361109#1,399835085#1,211442.47,452097.55,212001.44,453157.175
1029,1786,11,3,Human,128361109#1,386687235,211442.47,452097.55,213478.36,452435.42
1030,1790,131,5,Human,25149001#4,-266565295#5,212675.845,451279.77,213811.85,452244.51
1031,1790,17,108,Human,-18809673#6,-24634413#0,211318.32,451074.855,213054.91,452451.22
1032,1791,13,2,Human,-447569998#1,32978638#0,213434.54,453008.69,213633.66,451984.92
1033,1795,0,3,Human,315358244,386687235,212975.4675,453432.9725,213478.36,452435.42
1034,1798,43,9,Human,40888360#0,201238729#3,212744.5,452410.79000000004,211438.31,452110.43
